v 0.0178127 0.619107 0.015283
v 0.0134349 0.615469 0.019372
v 0.0291421 0.619865 0.0196568
v 0.0348817 0.624666 0.012697
v 0.0191253 0.621036 0.0109447
v -0.00446927 0.615021 0.011611
v 0.00672045 0.611027 0.0221922
v 0.0187104 0.612822 0.0249714
v 0.048552 0.626179 0.0203105
v 0.0343112 0.616159 0.0278664
v 0.00568116 0.606737 0.0273348
v 0.0147959 0.606781 0.0309923
v -0.000987394 0.607813 0.0233364
v -0.00762085 0.605061 0.0274453
v -0.00578511 0.603721 0.031054
v 0.0241291 0.606818 0.0356514
v -0.00354517 0.60243 0.034733
v -0.0247208 0.608153 0.0292714
v -0.0293518 0.608199 0.0329618
v -0.0196503 0.608506 0.0253521
v -0.0206454 0.612398 0.02001
v -0.0326697 0.615355 0.0214842
v -0.0122428 0.60893 0.0216554
v -0.0404435 0.61682 0.0239904
v -0.0504064 0.619206 0.0272991
v -0.0518759 0.626021 0.0138693
v -0.0652219 0.629428 0.0153606
v -0.0373276 0.6206 0.0142216
v -0.0589938 0.632903 -0.000562424
v -0.0736704 0.635396 -0.00176983
v -0.0755501 0.630335 0.0179835
v -0.08411 0.634911 -0.000209964
v -0.0598213 0.621594 0.0317435
v -0.084663 0.63037 0.0217798
v -0.0927742 0.633703 0.00260291
v -0.0862433 0.636467 -0.0199097
v -0.0944516 0.634848 -0.01805
v -0.0757315 0.637542 -0.0203211
v -0.0809106 0.635925 -0.0374726
v -0.0884255 0.634313 -0.0373292
v -0.101435 0.632885 -0.0157139
v -0.0943472 0.632353 -0.0366498
v -0.101219 0.632289 0.00625127
v -0.107697 0.630055 -0.0133261
v -0.0994862 0.62936 -0.0358452
v -0.0797097 0.630464 -0.0531932
v -0.0838435 0.627397 -0.0543156
v -0.0746827 0.63225 -0.0518169
v -0.0576372 0.625826 -0.0622011
v -0.0613644 0.623602 -0.0659249
v -0.0876384 0.621083 -0.0546826
v -0.0648433 0.618087 -0.0690056
v -0.104291 0.623471 -0.0345305
v -0.0912697 0.609441 -0.0531533
v -0.0678436 0.606925 -0.0696558
v -0.0343724 0.608555 -0.0713307
v -0.0362137 0.597983 -0.07358
v -0.0320633 0.612885 -0.0662435
v -0.00173556 0.596984 -0.0676994
v -0.00122616 0.587491 -0.0697858
v -0.0297299 0.614058 -0.0606689
v -0.00193485 0.600283 -0.0619368
v 0.0271604 0.599658 -0.0681244
v 0.0302355 0.590349 -0.0712017
v -0.00184102 0.600189 -0.0549847
v 0.0243059 0.603524 -0.0619556
v -0.0529828 0.626646 -0.0579547
v -0.0268735 0.613935 -0.0543872
v -0.00166453 0.599827 -0.0473335
v 0.0220739 0.604565 -0.0553323
v 0.0483793 0.618152 -0.060122
v 0.0535803 0.611567 -0.0650172
v 0.0198923 0.605166 -0.0484878
v 0.0442681 0.620484 -0.0539972
v -0.0231693 0.613229 -0.0462799
v -0.00176986 0.60272 -0.038747
v 0.0170802 0.607126 -0.0401512
v 0.0404489 0.620911 -0.0476184
v 0.0657939 0.628699 -0.0432697
v 0.0711812 0.625657 -0.047646
v 0.0358504 0.620499 -0.0402787
v 0.0606761 0.629723 -0.0384941
v -0.00185787 0.607873 -0.028567
v 0.013545 0.611164 -0.0293841
v 0.0297207 0.619977 -0.0307292
v 0.0546629 0.629646 -0.0329575
v 0.0771772 0.634838 -0.0236024
v 0.0832783 0.633677 -0.0262884
v 0.0465841 0.628331 -0.0258493
v 0.0701709 0.635082 -0.0202935
v 0.009633 0.614576 -0.0174947
v 0.0221627 0.620252 -0.0184445
v 0.0356477 0.626039 -0.015945
v 0.0608129 0.63392 -0.0157927
v 0.0792409 0.63746 -0.00461619
v 0.0867025 0.63703 -0.00519609
v 0.047443 0.630427 -0.0092172
v 0.0692587 0.636504 -0.003102
v 0.0142878 0.61959 -0.00650666
v 0.0234252 0.623292 -0.00452651
v 0.0311193 0.625825 -0.00018065
v 0.0544831 0.632684 3.68671e-05
v 0.0705049 0.636353 0.0106922
v 0.0806647 0.637468 0.0119979
v 0.0353681 0.626479 0.00580143
v 0.0550837 0.631851 0.0103875
v 0.0132997 0.620223 0.0040303
v 0.0174158 0.62131 0.00703825
v 0.0643072 0.632313 0.0240422
v 0.0487625 0.619711 0.0329667
v 0.0746638 0.634363 0.0278897
v 0.0586287 0.622498 0.0388208
v 0.0312986 0.606567 0.0411524
v 0.0652945 0.623482 0.0439822
v 0.0359421 0.605934 0.0464816
v 0.0822001 0.634277 0.0315347
v 0.0703673 0.622839 0.0485001
v 0.0389526 0.604689 0.0513394
v -0.00199611 0.600789 0.0431917
v -0.00288566 0.601038 0.0478909
v 0.0412793 0.602497 0.0559345
v -0.00411114 0.600594 0.0525259
v 0.0886316 0.633036 0.0350747
v 0.0749223 0.620368 0.052633
v 0.0437073 0.59857 0.0603252
v -0.00489858 0.598028 0.0567387
v -0.0472122 0.604964 0.0494717
v -0.0514569 0.602069 0.0536843
v -0.00425293 0.591975 0.0600795
v -0.0541884 0.595847 0.0570499
v 0.0467883 0.591716 0.064129
v 0.0796009 0.614849 0.0563071
v 0.0844033 0.604887 0.0591516
v 0.0949446 0.630069 0.0384556
v 0.101377 0.623438 0.0413289
v 0.107023 0.611081 0.0432482
v 0.102083 0.63293 0.0177937
v 0.109657 0.626494 0.0196289
v 0.116478 0.613666 0.0212101
v 0.10032 0.633172 -0.00522607
v 0.108225 0.627455 -0.00507302
v 0.0951029 0.63583 0.015791
v 0.0933806 0.63576 -0.00528543
v 0.0896366 0.631054 -0.0288602
v 0.0970955 0.625011 -0.031051
v 0.116151 0.615105 -0.00406046
v 0.0882854 0.637137 0.0137947
v 0.0775672 0.618411 -0.050646
v 0.105425 0.612774 -0.0310751
v 0.084544 0.60538 -0.05084
v 0.0592023 0.599479 -0.0665892
v -0.0914803 0.619981 0.0516827
v -0.0994152 0.613517 0.0565763
v -0.0426271 0.606375 0.0451105
v -0.0836704 0.622666 0.0466553
v -0.0380948 0.607183 0.0408632
v -0.0759995 0.623411 0.0415859
v -0.104114 0.629069 0.0319675
v -0.114577 0.626253 0.0375327
v -0.0682084 0.623054 0.0366034
v -0.0940323 0.630026 0.0265503
v -0.109984 0.630335 0.0104625
v -0.119119 0.626504 0.0150695
v -0.124908 0.619105 0.0432051
v -0.128514 0.617783 0.020736
v -0.120267 0.614223 -0.00637383
v -0.113738 0.624813 -0.0106935
v -0.108913 0.611922 -0.0316874
v -0.0337145 0.607856 0.0368354
v -0.00210284 0.601202 0.0387673
v 0.00787948 0.6182 0.00238712
v 0.00242764 0.615941 0.00218231
v -0.00235353 0.614326 0.00265304
v 0.00558059 0.615892 -0.00624342
v -0.00216653 0.613731 -0.00550097
v -0.00189853 0.611849 -0.0167096
v -0.0140432 0.614185 -0.020046
v -0.0187525 0.613164 -0.0346608
v -0.0186212 0.617808 -0.0102702
v -0.00988191 0.614326 -0.00663365
v -0.0283239 0.621486 -0.0281595
v -0.0116398 0.615398 0.00110233
v -0.00679309 0.614073 0.00250932
v -0.0170375 0.617764 -0.00055461
v -0.0281008 0.622725 -0.0134886
v -0.043608 0.630013 -0.0328059
v -0.0386602 0.62523 -0.0437184
v -0.0221576 0.619999 -0.000397988
v -0.0362539 0.626566 -0.012258
v -0.0257038 0.620933 0.00265704
v -0.0408561 0.627612 -0.00571232
v -0.0554227 0.635052 -0.0288398
v -0.0267307 0.619977 0.00791841
v -0.0410175 0.625411 0.00414699
v -0.0607865 0.636124 -0.0168605
v -0.07055 0.636906 -0.0358252
v -0.0575306 0.633377 -0.0443226
v -0.0677669 0.63345 -0.0495332
v -0.0467854 0.626623 -0.0523454
v -0.0250359 0.617132 0.0139646
v -0.0081437 0.607352 0.023131
v 0.110879 0.593107 0.0444415
v 0.120408 0.593974 0.0228813
v 0.0886336 0.590047 0.0608853
v 0.109678 0.570282 0.0446184
v 0.0880591 0.570469 0.0612757
v 0.118666 0.569759 0.0239943
v 0.0920919 0.543394 0.0430676
v 0.0696795 0.546873 0.0576683
v 0.0511206 0.566513 0.0672668
v 0.0386537 0.548357 0.063583
v 0.0512596 0.5806 0.0662612
v -0.00169935 0.581359 0.0621081
v 0.00163498 0.565321 0.0623527
v 0.00219392 0.544714 0.061499
v 0.0189618 0.521381 0.0615316
v -0.0038289 0.521959 0.0636736
v -0.0391531 0.547653 0.0580294
v -0.026673 0.521716 0.0597791
v -0.0491898 0.568252 0.0591732
v -0.0734151 0.548783 0.0519322
v -0.0470629 0.516823 0.0502014
v -0.021659 0.480118 0.053329
v -0.0368493 0.479306 0.0455232
v -0.0622504 0.512185 0.0362242
v -0.0490553 0.478987 0.0338198
v -0.0998042 0.579827 0.0598286
v -0.0927482 0.545455 0.0387508
v -0.0702481 0.510633 0.0204406
v -0.056668 0.478741 0.0192707
v -0.0454736 0.449458 0.032044
v -0.0525463 0.449458 0.0182639
v -0.0589635 0.478304 0.0031863
v -0.0549792 0.449458 0.0030163
v -0.0997016 0.543405 0.0215623
v -0.0702559 0.509326 0.00341758
v -0.0560078 0.478131 -0.012851
v -0.052534 0.449458 -0.01222
v -0.0515918 0.420805 0.00286473
v -0.0493003 0.420805 -0.0116331
v -0.0454534 0.449458 -0.0259705
v -0.0426685 0.420805 -0.024724
v -0.0634036 0.50793 -0.0134574
v -0.0483583 0.478111 -0.0273103
v -0.0344366 0.449458 -0.0368951
v -0.0323526 0.420805 -0.0351347
v -0.0404152 0.392152 -0.0237041
v -0.0306675 0.392152 -0.0336931
v -0.0193698 0.420805 -0.0418316
v -0.0184014 0.392152 -0.0401242
v -0.0366108 0.478111 -0.0387894
v -0.020568 0.449458 -0.0439156
v -0.00499529 0.420805 -0.0441368
v -0.00482247 0.392152 -0.0423394
v -0.0178245 0.3635 -0.0390031
v -0.00471987 0.3635 -0.0411572
v 0.00873979 0.392152 -0.0401099
v 0.0083707 0.3635 -0.0389917
v -0.00520938 0.449478 -0.0463324
v 0.00936342 0.420805 -0.0418157
v 0.0209622 0.392152 -0.03367
v 0.0201696 0.3635 -0.0327339
v 0.00825638 0.334847 -0.0384984
v 0.0199249 0.334847 -0.0323252
v 0.0295281 0.3635 -0.0230256
v 0.0291806 0.334847 -0.0227427
v 0.0223048 0.420805 -0.035109
v 0.0306558 0.392152 -0.0236814
v 0.0355365 0.3635 -0.0108341
v 0.0351229 0.334847 -0.010703
v 0.029402 0.306194 -0.0227109
v 0.0353865 0.306194 -0.0106884
v 0.0371736 0.334847 0.00262446
v 0.0374517 0.306194 0.00262072
v 0.036879 0.392152 -0.0111406
v 0.0376104 0.3635 0.00265825
v 0.0351325 0.334847 0.015962
v 0.035397 0.306194 0.0159396
v 0.0386392 0.277541 0.00264498
v 0.0365238 0.277541 0.0160835
v 0.036511 0.277541 -0.0107824
v 0.0408694 0.248888 0.00271014
v 0.0386369 0.248888 0.0164688
v 0.0303465 0.277541 -0.0229125
v 0.0386241 0.248888 -0.0110347
v 0.044164 0.218029 0.00283413
v 0.0417787 0.218007 0.0171979
v 0.03212 0.248888 -0.0234521
v 0.0417386 0.217977 -0.0115197
v 0.0200808 0.306194 -0.0322787
v 0.0207451 0.277541 -0.0325683
v 0.00832921 0.306194 -0.0384417
v 0.00863883 0.277541 -0.0387897
v 0.0219897 0.248888 -0.033338
v -0.00468799 0.334847 -0.0406332
v -0.00470829 0.306194 -0.0405726
v -0.0176444 0.334847 -0.0385076
v -0.0177592 0.306194 -0.0384507
v -0.00479447 0.277541 -0.040942
v -0.0296602 0.3635 -0.0327521
v -0.0293445 0.334847 -0.0323398
v -0.0390645 0.3635 -0.0230431
v -0.0386396 0.334847 -0.0227567
v -0.0295458 0.306194 -0.0322931
v -0.0466827 0.392152 -0.0111531
v -0.0451102 0.3635 -0.0108438
v -0.0488491 0.392152 0.00274074
v -0.0471993 0.3635 0.00266085
v -0.0446142 0.334847 -0.0107107
v -0.0493147 0.420805 0.0173758
v -0.046698 0.392152 0.0166486
v -0.0426922 0.420805 0.0305012
v -0.0404402 0.392152 0.0292362
v -0.0451234 0.3635 0.0161775
v -0.0344574 0.449458 0.0430047
v -0.032377 0.420805 0.040954
v -0.0205821 0.449458 0.050054
v -0.0193862 0.420805 0.0476846
v -0.0306933 0.392152 0.0392705
v -0.0052289 0.480343 0.05609
v -0.00521203 0.449478 0.0524813
v 0.0112737 0.480237 0.0534302
v 0.0101451 0.449458 0.0500353
v -0.00499835 0.420805 0.050002
v 0.0407992 0.517259 0.0527357
v 0.0270111 0.47941 0.0456362
v 0.0589553 0.512827 0.0389349
v 0.040439 0.478934 0.0338728
v 0.0239868 0.449458 0.0429737
v 0.103275 0.542802 0.0245238
v 0.0706102 0.51166 0.022479
v 0.0497195 0.478971 0.0193672
v 0.0352438 0.449489 0.0320212
v 0.0223243 0.420805 0.0409244
v 0.00937404 0.420805 0.0476668
v 0.0428635 0.449552 0.0182666
v 0.0325895 0.420805 0.0304701
v 0.0209827 0.392152 0.0392431
v 0.00875096 0.392152 0.0457211
v -0.00482575 0.392152 0.0479659
v 0.0083801 0.3635 0.0444283
v -0.00472265 0.3635 0.046608
v 0.030677 0.392152 0.0292081
v 0.0201868 0.3635 0.038136
v 0.00826446 0.334847 0.0438474
v -0.00469036 0.334847 0.0459942
v -0.0178393 0.3635 0.044442
v -0.0176572 0.334847 0.0438583
v -0.00471093 0.306194 0.0459231
v -0.0177733 0.306194 0.0437908
v 0.0199396 0.334847 0.0376453
v 0.00833819 0.306194 0.0437803
v -0.00479771 0.277541 0.0463567
v -0.0182615 0.277541 0.0442044
v -0.0295668 0.306194 0.0376065
v -0.0304192 0.277541 0.0379595
v -0.0191599 0.248881 0.0452796
v -0.0319826 0.248888 0.0388829
v 0.00864991 0.277541 0.0441912
v -0.00495808 0.248871 0.047483
v -0.0204841 0.217642 0.0472455
v -0.0342708 0.217796 0.0405756
v -0.0421648 0.248888 0.028953
v -0.0451996 0.217969 0.0302177
v -0.0375435 0.181078 0.0431752
v -0.0495021 0.181653 0.0321509
v -0.0051947 0.217566 0.0495423
v -0.0223916 0.180575 0.0502797
v -0.0415786 0.140907 0.0462309
v -0.0549017 0.141956 0.0344207
v -0.0571386 0.182095 0.0183161
v -0.0647208 0.143793 0.0195037
v -0.0630234 0.107266 0.0363401
v -0.0786838 0.115417 0.0198344
v -0.0246521 0.13973 0.0538046
v -0.0462354 0.102146 0.0494129
v -0.077266 0.0739533 0.0459637
v -0.0957678 0.0870994 0.0228399
v -0.0864378 0.120909 0.00237318
v -0.102963 0.0927949 0.00277663
v -0.109794 0.0571689 0.0301906
v -0.115873 0.0620259 0.00491451
v -0.0543954 0.0727259 0.0601333
v -0.0901971 0.0444875 0.0617395
v -0.113153 0.0316703 0.0361763
v -0.120929 0.0350591 0.00719064
v -0.115388 0.0612334 -0.017753
v -0.117832 0.028909 -0.0175628
v -0.100804 0.0931278 -0.0163492
v -0.0966249 0.0500586 -0.0416995
v -0.0910702 0.0265703 -0.0386618
v -0.0846018 0.121061 -0.0146382
v -0.0855755 0.0844957 -0.0338775
v -0.0582521 0.049843 -0.0501158
v -0.0574213 0.0332702 -0.0487176
v -0.0717576 0.114387 -0.0298673
v -0.05531 0.0718403 -0.0461082
v -0.0270079 0.0583699 -0.0517937
v -0.0255272 0.0450245 -0.0506998
v -0.027599 0.0754108 -0.0504415
v 0.00115479 0.0641313 -0.0545484
v 0.00290106 0.0515467 -0.0536091
v -0.0498239 0.102843 -0.0424321
v -0.0271334 0.0996464 -0.0493771
v -0.00194587 0.0792179 -0.0534377
v -0.057349 0.143267 -0.0278927
v -0.042235 0.140568 -0.0399295
v -0.0247628 0.138479 -0.047929
v -0.00510637 0.101007 -0.0522838
v 0.024897 0.0797674 -0.0566372
v 0.03014 0.0594894 -0.0612725
v -0.0059642 0.137462 -0.0508692
v 0.0181246 0.104145 -0.0518845
v -0.0375262 0.181074 -0.0370416
v -0.0223799 0.18057 -0.0441143
v -0.00553365 0.180325 -0.0465531
v 0.0136798 0.138982 -0.0484197
v 0.0426346 0.111796 -0.0462359
v 0.0539083 0.0818842 -0.0540832
v 0.0113159 0.180422 -0.0441091
v 0.0331895 0.144024 -0.0406521
v -0.0204694 0.21764 -0.0414459
v -0.00519196 0.217564 -0.0437305
v 0.0100749 0.217594 -0.0414304
v 0.0266096 0.180905 -0.0371281
v 0.0502694 0.149801 -0.0285499
v 0.0655518 0.125869 -0.0317716
v 0.0238264 0.21771 -0.0347847
v 0.0395388 0.182173 -0.026237
v -0.00495489 0.24887 -0.0419157
v 0.00921754 0.248875 -0.0397098
v 0.0347233 0.217856 -0.0244719
v 0.0487897 0.183547 -0.0123104
v 0.0621459 0.153436 -0.012791
v -0.0182442 0.277541 -0.038801
v -0.0303937 0.277541 -0.0325863
v -0.0191431 0.248881 -0.0397251
v -0.0389106 0.306194 -0.0227248
v -0.0400486 0.277541 -0.02293
v -0.0319577 0.248888 -0.0333631
v -0.0421405 0.248888 -0.0234767
v -0.0342492 0.217794 -0.0348099
v -0.0449307 0.306194 -0.0106961
v -0.0462565 0.277541 -0.0107919
v -0.0486871 0.248888 -0.0110483
v -0.0451786 0.217968 -0.0244952
v -0.0521933 0.218099 -0.0115259
v -0.0494887 0.181651 -0.026057
v -0.0484023 0.277541 0.00264758
v -0.0509495 0.248888 0.00271388
v -0.0546141 0.218147 0.00283709
v -0.0572271 0.18214 -0.0122539
v -0.0597962 0.182277 0.00302456
v -0.0674586 0.14589 -0.0131784
v -0.0487019 0.248888 0.0164895
v -0.0522061 0.218099 0.0172134
v -0.0698184 0.146086 0.00308001
v -0.0400734 0.277541 0.0282657
v -0.0389311 0.306194 0.0280057
v -0.0462717 0.277541 0.0160982
v -0.0293635 0.334847 0.0376626
v -0.0386582 0.334847 0.028046
v -0.0449432 0.306194 0.0159513
v -0.0446256 0.334847 0.0159737
v -0.0470106 0.306194 0.00262282
v -0.0296823 0.3635 0.0381578
v -0.039086 0.3635 0.0284087
v -0.0466779 0.334847 0.00262656
v -0.0184188 0.392152 0.0457375
v 0.0525294 0.184292 0.00331243
v 0.066094 0.153322 0.0059928
v 0.0497979 0.184031 0.0187208
v 0.0617419 0.150638 0.0232215
v 0.078587 0.129624 0.0155788
v 0.0672085 0.117014 0.0355502
v 0.0790804 0.133323 -0.00984885
v 0.0979812 0.104889 0.023361
v 0.0786206 0.0815913 0.0470885
v 0.0982616 0.102369 -0.010479
v 0.113094 0.061502 0.0196599
v 0.0934649 0.0557465 0.0487771
v 0.0825109 0.0928501 -0.0375753
v 0.121572 0.0600609 -0.0164774
v 0.106522 0.05777 -0.0458913
v 0.119778 0.0254248 -0.0209589
v 0.116414 0.0264476 0.0141715
v 0.0661127 0.0505989 -0.0648065
v 0.10589 0.024366 -0.0509785
v 0.0660101 0.025083 -0.0673747
v 0.0305151 0.0431369 -0.0616983
v 0.0978309 0.0323074 0.0449672
v -0.092725 0.0238876 0.0668376
v -0.0633973 0.0449527 0.075941
v -0.0667398 0.0274768 0.08197
v -0.0328909 0.0795357 0.0636717
v -0.0372011 0.0612424 0.0716834
v -0.028049 0.100882 0.0572291
v -0.00760806 0.101519 0.0594707
v -0.0106079 0.0829959 0.0635722
v -0.0126249 0.0668976 0.0683974
v -0.0393727 0.0448481 0.0783991
v 0.0139558 0.100011 0.0577243
v 0.0124236 0.0815907 0.0619582
v 0.015006 0.140078 0.0539933
v -0.00526078 0.139176 0.0564612
v 0.034454 0.143257 0.0469345
v 0.034849 0.100115 0.0534688
v 0.0357735 0.0755857 0.06024
v 0.0128393 0.0655804 0.0663793
v 0.0506187 0.147213 0.0367406
v 0.052894 0.106048 0.0469565
v 0.0586368 0.0740571 0.0562183
v 0.0402975 0.0574364 0.0657398
v 0.0675093 0.052989 0.0614086
v 0.0411175 0.182903 0.032419
v 0.0347702 0.217876 0.0301893
v 0.0280413 0.181685 0.0432628
v 0.0321407 0.248888 0.0289224
v 0.0238437 0.217711 0.0405459
v 0.0303675 0.277541 0.0282437
v 0.0220096 0.248888 0.0388532
v 0.0100843 0.217596 0.0472277
v 0.0119714 0.180795 0.0503057
v 0.0207653 0.277541 0.0379376
v 0.00922839 0.248875 0.0452623
v 0.0294188 0.306194 0.0279881
v 0.0200971 0.306194 0.0375892
v 0.0291958 0.334847 0.0280284
v 0.0355475 0.3635 0.0161628
v 0.0295458 0.3635 0.0283866
v 0.0368922 0.392152 0.0166295
v 0.0391718 0.420805 0.0173547
v -0.0054512 0.180378 0.0527343
v 0.0725201 0.0362179 0.0618805
v 0.0436452 0.0438175 0.0681156
v 0.0140646 0.0534128 0.069056
v -0.0129526 0.0531078 0.0719276
v 0.0390281 0.392152 0.00273732
v 0.0391595 0.420805 -0.0116192
v 0.0414344 0.420805 0.00286094
v 0.0325693 0.420805 -0.0246989
v 0.0358275 0.449555 -0.0259343
v 0.0433209 0.449603 -0.0121843
v 0.0457445 0.449602 0.00304166
v 0.0422124 0.478791 -0.0271997
v 0.0509895 0.478961 -0.0126974
v 0.0284602 0.478471 -0.0387259
v 0.0242727 0.449492 -0.0368655
v 0.0359319 0.509321 -0.0413004
v 0.053393 0.509203 -0.0291735
v 0.0667675 0.509991 -0.0133563
v 0.0534614 0.478936 0.00334202
v 0.0482142 0.539593 -0.0462779
v 0.0739217 0.538128 -0.0337423
v 0.0219004 0.53984 -0.0525818
v 0.015923 0.508962 -0.0486083
v 0.0302794 0.559018 -0.0616952
v 0.0624053 0.564141 -0.0589486
v 0.0923226 0.564505 -0.0415537
v 0.0934982 0.539786 -0.015991
v 0.032243 0.575656 -0.0691135
v 0.0631161 0.583655 -0.0651372
v 0.000352629 0.568698 -0.064851
v 0.000993105 0.551543 -0.0577145
v 0.0915838 0.587977 -0.0495633
v 0.113075 0.592232 -0.025762
v 0.111369 0.566697 -0.019425
v 0.120922 0.593833 -0.000621163
v 0.119088 0.568533 0.00241735
v 0.103642 0.541485 0.00430268
v 0.0731843 0.510988 0.00456032
v -0.00235514 0.537215 -0.0536372
v -0.0348639 0.580217 -0.0680874
v -0.0288849 0.560675 -0.0555078
v -0.0244035 0.539498 -0.0496819
v -0.00436615 0.507999 -0.0508867
v 0.0119456 0.478429 -0.046146
v -0.0228357 0.508252 -0.0482765
v -0.00530451 0.478211 -0.0486945
v -0.0603046 0.56563 -0.0525275
v -0.0448488 0.53919 -0.0417058
v -0.0387355 0.507619 -0.0406116
v -0.0218219 0.478217 -0.0461667
v 0.0101388 0.449458 -0.0438991
v -0.0654168 0.53724 -0.0302363
v -0.0522766 0.507084 -0.0286195
v -0.0834717 0.538406 -0.0147996
v -0.107435 0.567428 -0.0195734
v -0.0877681 0.565065 -0.0392451
v -0.123951 0.572619 0.00452614
v -0.0952944 0.540534 0.00273443
v -0.135174 0.57922 0.0296991
v -0.136817 0.602715 0.0273735
v -0.126358 0.597207 0.000454445
v -0.133315 0.60537 0.0487823
v -0.129757 0.582644 0.0498985
v -0.104984 0.600927 0.0604382
v -0.0531324 0.583905 0.05834
v -0.112607 0.593395 -0.0263406
v -0.0954526 0.591727 -0.0501129
v -0.0683032 0.589107 -0.0651893
v 0.0716624 0.0255468 0.0600461
v 0.0956902 0.0179927 0.0429717
v 0.0434243 0.0357357 0.0673251
v 0.0668968 0.0212273 0.0576902
v 0.11106 0.0129741 0.0136481
v 0.089362 0.0130953 0.0422908
v 0.110189 0.0112312 -0.0196982
v 0.103272 0.00871918 0.0153625
v 0.0597442 0.0209481 0.0550247
v 0.0808197 0.0118355 0.0418863
v 0.100949 0.00424662 -0.016978
v 0.0944045 0.00684732 0.0182103
v 0.0939887 0.00959402 -0.0473783
v 0.0836222 0.00309241 -0.0421059
v 0.091623 0.00130001 -0.0131464
v 0.0819415 0.00626811 0.0212308
v 0.0696758 0.0126641 0.0411792
v 0.0729624 0.0015057 -0.0352381
v 0.0784001 0.00165373 -0.00689371
v 0.0604291 0.014284 -0.0622346
v 0.0539197 0.0101691 -0.05465
v 0.0466986 0.0105877 -0.0455029
v 0.06098 0.00306502 -0.0266769
v 0.0613733 0.00547233 0.00139208
v 0.0645521 0.00905374 0.0237019
v 0.0384978 0.013688 -0.0339497
v 0.0471774 0.00801718 -0.0152245
v 0.026512 0.0289903 -0.0503413
v 0.0235493 0.027019 -0.040813
v 0.0202723 0.0264751 -0.0304987
v 0.030604 0.0178299 -0.0202615
v 0.0339509 0.0160703 -0.000658968
v 0.0429797 0.0140337 0.011728
v 0.0166334 0.0265552 -0.0196566
v 0.0229683 0.0227933 -0.00646106
v 0.00366496 0.0322843 -0.036791
v 0.00323437 0.029532 -0.0286653
v 0.00258796 0.0276004 -0.0195165
v 0.0122035 0.0274626 -0.00780817
v 0.015381 0.0279218 0.005627
v 0.0224701 0.0254863 0.0104825
v 0.00159065 0.0261226 -0.00890725
v 0.00771195 0.0281671 0.00357686
v -0.0184391 0.0240423 -0.0291708
v -0.0155898 0.0215861 -0.0211043
v -0.0118444 0.0189828 -0.0114347
v 0.000261407 0.0246743 0.0021856
v 0.00339926 0.0277731 0.0131797
v 0.00817057 0.029859 0.0144887
v -0.00853032 0.0174253 9.87561e-05
v -0.00136396 0.0238691 0.0126574
v -0.0403764 0.0134151 -0.0230831
v -0.0326961 0.0108147 -0.0140316
v -0.0225441 0.00842232 -0.00195721
v -0.00671567 0.0179099 0.0122027
v -0.00344157 0.0243614 0.0219061
v -0.00117215 0.0268188 0.0218413
v -0.0140013 0.01023 0.0121628
v -0.00591908 0.0210115 0.0221056
v -0.0058145 0.0242037 0.0301477
v 0.0010659 0.0286819 0.0222118
v 0.00300495 0.0301561 0.0234758
v 0.0123748 0.0307226 0.0175001
v 0.00411335 0.0315316 0.0256909
v 0.0148863 0.0319595 0.0222905
v 0.00402253 0.0329195 0.0283398
v 0.0273165 0.0250331 0.0186971
v 0.0148867 0.0344327 0.0276102
v 0.0279178 0.0282392 0.0277157
v 0.0123401 0.0375088 0.0321205
v 0.00274916 0.0340593 0.030817
v 0.00058671 0.0345155 0.0328809
v 0.023914 0.0337857 0.0346809
v 0.00786708 0.039919 0.0355198
v 0.0448443 0.0174454 0.0265975
v 0.0386424 0.0248834 0.0376244
v 0.0165663 0.0397977 0.0389616
v 0.00224676 0.040271 0.0384059
v -0.00210994 0.0339441 0.0346639
v -0.00504205 0.032154 0.0363693
v 0.00768598 0.0427437 0.0421709
v -0.00385165 0.037665 0.0413876
v 0.0272065 0.0349155 0.0434627
v 0.0552025 0.0166908 0.0396414
v 0.0394237 0.0279384 0.0481308
v 0.0141037 0.0419006 0.0465779
v -0.00175932 0.0405729 0.0458424
v 0.0211846 0.0393451 0.0513883
v 0.00109469 0.0409216 0.0504376
v 0.0506297 0.0231022 0.0519585
v 0.0282799 0.0362498 0.0561509
v 0.00427906 0.0401171 0.0551209
v 0.00741531 0.0395878 0.0595334
v -0.0129812 0.0326106 0.0602749
v -0.012495 0.032851 0.0554457
v 0.0348022 0.0335029 0.0606314
v 0.0102896 0.0399846 0.0635218
v -0.0131057 0.0330693 0.0646089
v 0.040076 0.0328562 0.0645007
v 0.0126881 0.0417302 0.0669061
v -0.013 0.0347575 0.0683425
v -0.0350729 0.0194238 0.0723629
v -0.0315565 0.0176567 0.0674289
v -0.0128339 0.0380607 0.071254
v -0.0375399 0.0224262 0.0763388
v 0.0141524 0.0457088 0.069085
v -0.0128095 0.0437336 0.0727534
v -0.0391508 0.0268522 0.0793216
v -0.0623419 0.00903651 0.0772325
v -0.0581351 0.00643474 0.0737367
v -0.0398874 0.0336952 0.0805717
v -0.0652069 0.0123273 0.0804336
v -0.0668861 0.0176637 0.0826159
v -0.0893795 0.00799492 0.0648977
v -0.0856911 0.00570178 0.0619359
v -0.0919473 0.0129043 0.0672113
v -0.1076 0.0110786 0.0370089
v -0.103456 0.00920072 0.034914
v -0.0806586 0.00383073 0.0593826
v -0.0983609 0.00813782 0.0332278
v -0.108748 0.0129119 0.00766506
v -0.103969 0.0110166 0.00753237
v -0.0908213 0.00661591 0.032249
v -0.0969969 0.00859448 0.00781309
v -0.0728763 0.00107491 0.0572534
v -0.0774852 0.00260064 0.0321159
v -0.083619 0.00573829 0.00895884
v -0.0881663 0.00408384 -0.00973415
v -0.0738569 0.00378194 -0.00517308
v -0.0606361 0.000464946 0.0155476
v -0.0542454 0.00196782 0.00442435
v -0.0606497 -0.00276953 0.0548334
v -0.0560323 -0.0043385 0.0342911
v -0.0354933 -0.002987 0.0277951
v -0.0316281 -0.00103685 0.0195879
v -0.0403838 0.00339302 -0.00125544
v -0.0233245 0.00321975 0.014332
v -0.0157657 0.0089865 0.0279714
v -0.0124449 0.0121917 0.0245649
v -0.0340032 -0.0030672 0.0382994
v -0.0177226 0.00805449 0.0321987
v -0.00892344 0.0166748 0.0227191
v -0.0554257 0.00645468 -0.0127838
v -0.0661871 0.00627035 -0.0200084
v -0.0974361 0.00583628 -0.0121285
v -0.0734769 0.00652227 -0.0250481
v -0.103394 0.00770923 -0.0136692
v -0.0785347 0.00752977 -0.0289557
v -0.0454752 0.015191 -0.0300097
v -0.0490448 0.0169316 -0.0356755
v -0.108197 0.00969395 -0.015081
v -0.0825726 0.00946632 -0.0323492
v -0.112858 0.0152217 0.00808318
v -0.110694 0.0171543 0.0380733
v -0.11687 0.0207898 0.00817741
v -0.112918 0.0142132 -0.0164843
v -0.0865313 0.0143612 -0.0355283
v -0.0518915 0.019264 -0.0406049
v -0.0546163 0.0237444 -0.0450065
v -0.0237782 0.0360305 -0.0472927
v -0.0221065 0.0304477 -0.0422242
v 0.00368748 0.0425637 -0.0501357
v 0.00385687 0.0362558 -0.0441039
v -0.0204565 0.0267841 -0.0361191
v 0.0290267 0.0337961 -0.057908
v -0.00801188 0.0290462 0.0380232
v -0.0109245 0.0246598 0.0393809
v -0.0137081 0.0193398 0.0399284
v -0.0161518 0.0139412 0.0390078
v -0.017739 0.0097881 0.0362478
v -0.0100322 0.0316866 0.0445723
v -0.0162139 0.0225938 0.0473645
v -0.0225023 0.0116866 0.0484951
v -0.0288253 0.00184694 0.0461468
v -0.0325757 0.00436491 0.0569328
v -0.0445892 -0.00458458 0.0513218
v -0.0216892 0.0196536 0.0545641
v -0.011539 0.0328265 0.0502354
v -0.0269924 0.017537 0.0614454
v -0.043002 0.00253847 0.0642352
v -0.0518515 0.00406072 0.0696859
vn -0.234861 0.878646 0.415531
vn -0.246155 0.799188 0.548254
vn -0.25803 0.833416 0.489028
vn -0.267158 0.909945 0.31717
vn -0.243098 0.93677 0.251076
vn -0.0246623 0.977099 0.212305
vn -0.250518 0.772429 0.583598
vn -0.253573 0.772417 0.58261
vn -0.34057 0.855901 0.388587
vn -0.304792 0.79634 0.522267
vn -0.183382 0.849033 0.495089
vn -0.207897 0.857085 0.471825
vn -0.14664 0.840586 0.521397
vn 0.0478884 0.917756 0.394707
vn 0.036275 0.949799 0.310305
vn -0.252414 0.873912 0.415336
vn 0.0211642 0.952801 0.302337
vn 0.263994 0.897436 0.353591
vn 0.274793 0.904892 0.324807
vn 0.23625 0.853115 0.465199
vn 0 0 1
vn 0.288431 0.840331 0.458775
vn 0.176096 0.817606 0.548305
vn 0.306453 0.849902 0.428133
vn 0.317813 0.875966 0.362437
vn 0.267748 0.892511 0.362989
vn 0.201369 0.919137 0.339021
vn 0.247655 0.842133 0.479549
vn 0.219748 0.946925 0.235744
vn 0.0714101 0.9766 0.203883
vn 0.142413 0.948428 0.282713
vn -0.0393992 0.984561 0.171255
vn 0.310285 0.893885 0.324101
vn 0.0950558 0.96985 0.224697
vn -0.0970845 0.986664 0.130698
vn -0.139103 0.990315 0.00898818
vn -0.232004 0.972385 -0.0193434
vn 0.00364165 0.999104 0.0454674
vn -0.122257 0.975718 -0.181741
vn -0.254359 0.938976 -0.231761
vn -0.354294 0.933028 -0.0659804
vn -0.409652 0.858865 -0.307715
vn -0.16697 0.98262 0.0825456
vn -0.561207 0.813362 -0.153375
vn -0.621777 0.663175 -0.416366
vn -0.236162 0.818328 -0.523932
vn -0.450124 0.59615 -0.66486
vn -0.0702171 0.902341 -0.424925
vn 0.172965 0.838625 -0.516804
vn -0.00204901 0.681269 -0.731989
vn -0.618757 0.269792 -0.737471
vn -0.226097 0.324089 -0.918696
vn -0.783509 0.376986 -0.494087
vn -0.660639 -0.000458579 -0.750807
vn -0.387011 -0.169252 -0.906632
vn 0.165508 0.413503 -0.895225
vn -0.0712103 -0.194909 -0.978027
vn 0.336567 0.770902 -0.540616
vn 0.127233 0.554462 -0.822489
vn 0.0216386 -0.121529 -0.99233
vn 0.423609 0.864414 -0.271066
vn 0.166729 0.930597 -0.326215
vn -0.0726934 0.576845 -0.813801
vn 0.0594734 -0.0252828 -0.997823
vn 0.161685 0.985379 -0.054
vn -0.244626 0.860245 -0.447015
vn 0.289202 0.865477 -0.409694
vn 0.484552 0.852631 -0.195538
vn 0.150061 0.977142 -0.149832
vn -0.361813 0.898668 -0.246714
vn -0.138006 0.746029 -0.651438
vn 0.120872 0.473902 -0.872228
vn -0.40634 0.863318 -0.299459
vn -0.331985 0.847057 -0.415229
vn 0.522246 0.821558 -0.22848
vn 0.119887 0.932091 -0.342191
vn -0.393092 0.836267 -0.382078
vn -0.417042 0.854405 -0.310689
vn -0.0279265 0.918238 -0.395417
vn 0.19733 0.780317 -0.593317
vn -0.432843 0.855768 -0.282769
vn -0.171842 0.945299 -0.277749
vn 0.0619861 0.931573 -0.357801
vn -0.359941 0.859814 -0.361816
vn -0.413057 0.870377 -0.269033
vn -0.261935 0.939337 -0.221118
vn 0.00776887 0.977148 -0.212996
vn 0.156391 0.946604 -0.281507
vn -0.31255 0.931515 -0.186831
vn -0.117545 0.980069 -0.160017
vn -0.345066 0.898092 -0.273188
vn -0.384571 0.895176 -0.22524
vn -0.326121 0.935258 -0.13595
vn -0.224871 0.968777 -0.105538
vn -0.0361064 0.997378 -0.0617189
vn 0.108041 0.989998 -0.0909427
vn -0.282003 0.957997 -0.0522055
vn -0.18135 0.983059 -0.0208827
vn -0.368406 0.916704 -0.154175
vn -0.321414 0.943536 -0.0772034
vn -0.286629 0.957771 0.0257175
vn -0.271581 0.961375 0.0426101
vn -0.21658 0.970549 0.10358
vn -0.058964 0.995046 0.082986
vn -0.273977 0.949484 0.151743
vn -0.306588 0.932794 0.190149
vn -0.304065 0.952358 -0.0211311
vn -0.266524 0.958214 0.102703
vn -0.357537 0.883678 0.301465
vn -0.3988 0.811154 0.427947
vn -0.234045 0.927597 0.291525
vn -0.41314 0.818992 0.398061
vn -0.290922 0.898506 0.328438
vn -0.354338 0.824077 0.442203
vn -0.288014 0.90505 0.312972
vn -0.0946639 0.942486 0.320687
vn -0.247916 0.797266 0.550814
vn -0.251636 0.876639 0.41081
vn 0 0 1
vn 0.109017 0.980221 0.165219
vn -0.192358 0.765499 0.614219
vn 0.0917738 0.988393 0.119029
vn 0.0696952 0.917967 0.390006
vn -0.0815551 0.693112 0.716213
vn -0.116042 0.544707 0.830703
vn -0.0334463 0.665046 0.745929
vn 0.182587 0.821135 0.540783
vn 0.109489 0.630503 0.768566
vn -0.0658885 0.22871 0.97128
vn 0.0251514 0.242025 0.969873
vn -0.0174988 0.206615 0.978346
vn 0.116446 0.495579 0.860633
vn 0.295442 0.241709 0.924089
vn 0.307797 0.807507 0.502762
vn 0.555283 0.579057 0.597156
vn 0.71919 0.287687 0.632401
vn 0.494172 0.859253 0.132963
vn 0.746917 0.641457 0.176014
vn 0.933162 0.328686 0.146289
vn 0.473806 0.868781 -0.145224
vn 0.726596 0.6636 -0.177471
vn 0.257504 0.96116 0.0982716
vn 0.263851 0.957556 -0.115498
vn 0.365211 0.84436 -0.392082
vn 0.605108 0.607652 -0.51465
vn 0.941734 0.281426 -0.183477
vn 0.0870007 0.992829 0.0834131
vn 0.429273 0.487996 -0.759918
vn 0.802863 0.206013 -0.559589
vn 0.588109 0.190207 -0.786134
vn 0.307627 0.117502 -0.944106
vn 0.0486025 0.714505 0.698222
vn -0.0925436 0.407625 0.908379
vn 0.233621 0.881177 0.410934
vn 0.160904 0.837793 0.521904
vn 0.259263 0.884827 0.386825
vn 0.232609 0.881946 0.40988
vn -0.0765799 0.972085 0.221015
vn -0.289618 0.907407 0.304763
vn 0.277118 0.893719 0.352978
vn 0.035115 0.979035 0.199703
vn -0.321427 0.946562 0.0201444
vn -0.573877 0.816822 -0.0585355
vn -0.611758 0.644304 0.458826
vn -0.855143 0.496527 -0.150227
vn -0.887175 0.255874 -0.383909
vn -0.769529 0.580759 -0.265828
vn -0.845582 0.121511 -0.519803
vn 0.270621 0.887792 0.372551
vn -0.164467 0.981489 0.0956136
vn -0.350918 0.929206 -0.116025
vn -0.35916 0.921415 -0.147937
vn -0.210098 0.972024 -0.10465
vn -0.347634 0.922002 -0.17141
vn -0.113782 0.986796 -0.116554
vn -0.0209967 0.972354 -0.233533
vn 0.383499 0.907725 -0.171773
vn 0.492185 0.838356 -0.235049
vn 0.445662 0.89159 -0.0814047
vn 0.246922 0.965641 -0.0814184
vn 0.518836 0.843942 -0.134699
vn 0.371772 0.919627 -0.126857
vn 0.113022 0.990191 -0.0824605
vn 0.430735 0.894278 -0.122193
vn 0.453327 0.890363 -0.0387314
vn 0.432162 0.896571 -0.0951357
vn 0.498861 0.836271 -0.226839
vn 0.366254 0.93049 -0.0141949
vn 0.381013 0.923088 0.0511951
vn 0.286454 0.948979 0.13225
vn 0.319651 0.935349 0.153088
vn 0.294343 0.955456 -0.0217524
vn 0.231331 0.931866 0.279761
vn 0.289143 0.919993 0.265115
vn 0.213332 0.972136 0.0988257
vn 0.0664499 0.990819 -0.119351
vn 0.279141 0.932286 -0.230759
vn 0.0898323 0.933831 -0.346848
vn 0.399849 0.854563 -0.331683
vn 0.146955 0.827981 0.541609
vn 0.063525 0.863545 0.500396
vn 0.774381 0.0922982 0.625846
vn 0.983395 0.142938 0.113301
vn 0.355362 0.111125 0.927835
vn 0.74617 -0.267955 0.609425
vn 0.391182 -0.194815 0.899472
vn 0.976018 -0.176278 0.126808
vn 0.593544 -0.53263 0.603327
vn 0.343237 -0.38746 0.855459
vn 0.0392038 -0.0637982 0.996906
vn 0.086055 -0.167788 0.982003
vn 0.00538242 0.109631 0.993893
vn -0.0714463 0.0897574 0.993506
vn -0.082183 -0.0170806 0.996704
vn -0.0906861 0.00302376 0.995852
vn 0.185024 -0.233984 0.954495
vn -0.0650425 -0.0699781 0.995342
vn -0.166143 -0.0963371 0.981216
vn -0.275615 -0.0912386 0.956744
vn -0.0682577 -0.0706835 0.995037
vn -0.306655 -0.360753 0.880745
vn -0.465686 -0.267815 0.843696
vn -0.308481 -0.145593 0.940313
vn -0.560403 -0.173206 0.810139
vn -0.662786 -0.443219 0.603507
vn -0.770023 -0.22418 0.59754
vn -0.181876 -0.25196 0.950511
vn -0.540154 -0.608247 0.581808
vn -0.817428 -0.521525 0.243992
vn -0.9164 -0.261109 0.304284
vn -0.800303 -0.119204 0.587713
vn -0.941925 -0.12864 0.309429
vn -0.968015 -0.248046 -0.0325703
vn -0.991772 -0.128089 -0.00227751
vn -0.711373 -0.686573 0.150408
vn -0.865597 -0.48268 -0.133775
vn -0.917074 -0.192672 -0.349349
vn -0.942428 -0.118422 -0.312294
vn -0.994312 -0.10597 0.000147402
vn -0.946786 -0.102167 -0.305755
vn -0.801518 -0.106412 -0.588117
vn -0.807297 -0.0940718 -0.582206
vn -0.815804 -0.375326 -0.439772
vn -0.779971 -0.134449 -0.611108
vn -0.58223 -0.0947928 -0.807222
vn -0.589311 -0.0840331 -0.803763
vn -0.812958 -0.0684867 -0.578642
vn -0.595521 -0.0619029 -0.800826
vn -0.310635 -0.0750101 -0.94773
vn -0.31542 -0.0559167 -0.947567
vn -0.570179 -0.0990896 -0.815325
vn -0.305586 -0.0850366 -0.94855
vn 0.00161005 -0.0700197 -0.997829
vn 0.00126532 -0.0522987 -0.998818
vn -0.318031 -0.0313628 -0.947501
vn 0.000650568 -0.0298819 -0.999529
vn 0.317848 -0.05208 -0.946556
vn 0.31968 -0.0291287 -0.947274
vn 0.00180032 -0.0796797 -0.996742
vn 0.313655 -0.0705179 -0.947051
vn 0.598123 -0.0549775 -0.79982
vn 0.600917 -0.0292003 -0.798572
vn 0.318836 -0.00904689 -0.947766
vn 0.600522 -0.00693122 -0.799632
vn 0.817469 -0.030005 -0.575143
vn 0.817664 -0.00466409 -0.575952
vn 0.590512 -0.0776816 -0.803294
vn 0.814641 -0.0594578 -0.577117
vn 0.953421 -0.0311662 -0.300857
vn 0.953473 -0.00312325 -0.300899
vn 0.815225 0.0188288 -0.579289
vn 0.952462 0.0236147 -0.302903
vn 0.999848 -0.00284988 -0.00017765
vn 0.999826 0.0252413 0.00026416
vn 0.951074 -0.0637106 -0.30248
vn 0.999303 -0.0322165 -0.000581028
vn 0.953856 -0.00358194 0.299808
vn 0.925824 0.029881 0.376469
vn 0.998278 0.0589095 0.00074449
vn 0.921502 0.0629065 0.383224
vn 0.949936 0.0553746 -0.307604
vn 0.995808 0.0912567 0.000821875
vn 0.915096 0.0931586 0.392454
vn 0.808859 0.0463194 -0.585786
vn 0.945366 0.0858455 -0.314587
vn 0.985084 0.172613 0.00116624
vn 0.890685 0.186788 0.414581
vn 0.799689 0.0736815 -0.595523
vn 0.930369 0.153572 -0.332977
vn 0.596796 0.0126668 -0.80221
vn 0.588856 0.03529 -0.807136
vn 0.315777 0.00757232 -0.948568
vn 0.309958 0.0266549 -0.950302
vn 0.577764 0.0597541 -0.814132
vn 0.000133302 -0.0101136 -0.999998
vn -0.000344698 0.00569102 -0.999925
vn -0.31808 -0.00968195 -0.94789
vn -0.315835 0.00797287 -0.948718
vn -0.000803687 0.0239866 -0.999597
vn -0.599134 -0.033299 -0.799937
vn -0.598988 -0.00802521 -0.800509
vn -0.816052 -0.0353242 -0.576985
vn -0.816107 -0.00590892 -0.577694
vn -0.595738 0.0137183 -0.803312
vn -0.950295 -0.0737085 -0.30319
vn -0.952753 -0.036976 -0.302134
vn -0.997179 -0.0761598 -0.000125647
vn -0.999477 -0.0378087 -0.000411933
vn -0.953183 -0.00417032 -0.302778
vn -0.946564 -0.104722 0.305528
vn -0.950154 -0.0752994 0.302429
vn -0.807814 -0.0989894 0.58106
vn -0.813671 -0.0716507 0.577109
vn -0.953028 -0.0376843 0.301002
vn -0.584019 -0.108098 0.804601
vn -0.59059 -0.0908409 0.801549
vn -0.309129 -0.103254 0.945266
vn -0.313012 -0.0832737 0.946204
vn -0.597532 -0.0665913 0.799406
vn -0.013547 -0.15377 0.988174
vn 0.000269413 -0.101487 0.994837
vn 0.275761 -0.1875 0.942838
vn 0.305738 -0.102496 0.946864
vn -0.000336664 -0.0790133 0.997057
vn 0.395424 -0.399403 0.827007
vn 0.515848 -0.243586 0.821482
vn 0.583739 -0.534186 0.611622
vn 0.712897 -0.319239 0.624633
vn 0.571981 -0.115997 0.812157
vn 0.819579 -0.549796 0.161587
vn 0.716395 -0.667888 0.202188
vn 0.849812 -0.458602 0.259937
vn 0.78184 -0.145309 0.606012
vn 0.590667 -0.0847331 0.802362
vn 0.313201 -0.0793996 0.946419
vn 0.940701 -0.209198 0.266812
vn 0.806606 -0.0960198 0.583461
vn 0.599067 -0.0617483 0.798125
vn 0.318212 -0.0595424 0.946257
vn -6.43855e-06 -0.059382 0.998284
vn 0.320768 -0.0339452 0.946693
vn 0.000474945 -0.0343542 0.99923
vn 0.815382 -0.0645578 0.574874
vn 0.60237 -0.0336172 0.797393
vn 0.320497 -0.0109673 0.947287
vn 0.000823694 -0.0117362 0.999844
vn -0.319534 -0.0349768 0.947059
vn -0.318758 -0.0107554 0.947728
vn 0.00127054 0.00676654 1.00016
vn -0.315788 0.00981384 0.949082
vn 0.60184 -0.0087991 0.798274
vn 0.318208 0.00779686 0.948171
vn 0.00188028 0.0278836 0.999368
vn -0.309663 0.0330689 0.950147
vn -0.596524 0.01593 0.802377
vn -0.588653 0.0435497 0.807548
vn -0.301499 0.0596581 0.95156
vn -0.577173 0.0725853 0.813483
vn 0.313221 0.0296221 0.949267
vn 0.00231648 0.05327 0.998674
vn -0.29215 0.0834074 0.952487
vn -0.56427 0.0975577 0.81987
vn -0.799106 0.087502 0.595243
vn -0.788616 0.113661 0.604568
vn -0.5497 0.113705 0.827523
vn -0.768822 0.138109 0.624139
vn 0.00259335 0.0763867 0.997117
vn -0.281167 0.0965458 0.954506
vn -0.520842 0.131831 0.843198
vn -0.70619 0.195418 0.680455
vn -0.919524 0.175918 0.352198
vn -0.836328 0.305893 0.454515
vn -0.584797 0.303091 0.752319
vn -0.722371 0.393917 0.568214
vn -0.267681 0.103931 0.958043
vn -0.446742 0.273412 0.851903
vn -0.51175 0.477896 0.714218
vn -0.701486 0.449596 0.553021
vn -0.845318 0.504715 0.174386
vn -0.870354 0.45593 0.186999
vn -0.805646 0.363332 0.467898
vn -0.949076 0.287734 0.12771
vn -0.364465 0.471468 0.80285
vn -0.584978 0.416672 0.695746
vn -0.916344 -0.0585108 0.396208
vn -0.980405 -0.171052 0.0982542
vn -0.90235 0.182011 -0.390752
vn -0.854219 -0.221588 -0.470081
vn -0.794054 0.442493 -0.416982
vn -0.499189 0.0784831 -0.86277
vn -0.412483 -0.279558 -0.866773
vn -0.758192 0.4995 -0.419223
vn -0.442648 0.31804 -0.83827
vn -0.148216 0.0706055 -0.986238
vn -0.0759898 -0.322662 -0.943517
vn -0.511326 0.324806 -0.795849
vn -0.237794 0.175994 -0.955051
vn -0.0958069 0.0131584 -0.995363
vn 0.00326624 -0.288622 -0.957588
vn -0.163417 0.0725228 -0.983752
vn -0.179497 -0.00501374 -0.983894
vn -0.212177 -0.285349 -0.934678
vn -0.358403 0.154175 -0.920786
vn -0.228109 0.0585883 -0.971682
vn -0.14019 0.0634622 -0.988009
vn -0.671783 0.24183 -0.700326
vn -0.498055 0.126876 -0.858134
vn -0.280358 0.0763468 -0.956992
vn -0.0894284 0.0629673 -0.994025
vn -0.0274021 0.198312 -0.979925
vn -0.138725 0.0959361 -0.98549
vn -0.0336637 0.0811304 -0.996077
vn 0.0839952 0.162173 -0.983371
vn -0.549737 0.110542 -0.828032
vn -0.286304 0.0945226 -0.953372
vn -0.00496345 0.0904335 -0.995854
vn 0.201628 0.135291 -0.970287
vn 0.288058 0.273317 -0.91773
vn 0.212888 0.346104 -0.913857
vn 0.267776 0.103265 -0.958191
vn 0.404944 0.227448 -0.885421
vn -0.293927 0.0748058 -0.952752
vn -0.00116573 0.0675375 -0.997868
vn 0.291271 0.0709073 -0.954043
vn 0.508273 0.143441 -0.849322
vn 0.61305 0.349634 -0.708118
vn 0.549559 0.406365 -0.730113
vn 0.557969 0.0870955 -0.825246
vn 0.714675 0.211097 -0.666844
vn -0.00101186 0.0466656 -0.999135
vn 0.301913 0.0493532 -0.952086
vn 0.778104 0.117581 -0.616707
vn 0.882579 0.280073 -0.378193
vn 0.822242 0.445558 -0.35402
vn -0.310688 0.0286976 -0.950272
vn -0.58787 0.0393641 -0.808117
vn -0.302893 0.053178 -0.951686
vn -0.81334 0.0208803 -0.581279
vn -0.806934 0.0523589 -0.588419
vn -0.576637 0.0669875 -0.814532
vn -0.797628 0.0834458 -0.597652
vn -0.563805 0.0899556 -0.820881
vn -0.95189 0.0269237 -0.305628
vn -0.948397 0.0631481 -0.311087
vn -0.943138 0.0968948 -0.317882
vn -0.787189 0.107993 -0.607121
vn -0.937507 0.123698 -0.325769
vn -0.765731 0.144473 -0.626695
vn -0.997525 0.06786 -0.00184782
vn -0.994908 0.102721 -0.00202816
vn -0.991698 0.130302 -0.00127104
vn -0.918223 0.1898 -0.347747
vn -0.978516 0.206542 0.00581693
vn -0.836851 0.380105 -0.393607
vn -0.944105 0.0989809 0.314234
vn -0.938527 0.126003 0.321637
vn -0.910076 0.406763 0.0778904
vn -0.807984 0.0556018 0.586133
vn -0.81475 0.0228901 0.579782
vn -0.949157 0.0649181 0.30778
vn -0.600435 -0.00848583 0.799708
vn -0.817372 -0.00593321 0.576342
vn -0.952666 0.028119 0.303316
vn -0.953307 -0.00406142 0.301117
vn -0.999518 0.02966 -0.00127576
vn -0.600719 -0.0358438 0.798455
vn -0.816988 -0.0368708 0.575388
vn -1.00023 -0.00344688 -0.000738695
vn -0.317567 -0.0619517 0.946389
vn 0.951064 0.309235 -0.00126159
vn 0.898992 0.424382 0.107097
vn 0.823325 0.301069 0.480938
vn 0.713635 0.302631 0.631688
vn 0.721041 0.577153 0.383331
vn 0.439368 0.376988 0.815391
vn 0.774265 0.568864 -0.277106
vn 0.779165 0.477897 0.405578
vn 0.369397 0.340157 0.864812
vn 0.837787 0.47121 -0.276187
vn 0.913217 0.195917 0.356955
vn 0.564205 0.11935 0.816843
vn 0.539239 0.451217 -0.7109
vn 0.945933 0.276687 -0.168992
vn 0.645232 0.292566 -0.705641
vn 0.908887 -0.379715 -0.172305
vn 0.916141 -0.251033 0.312942
vn 0.179581 0.22228 -0.958437
vn 0.597636 -0.43189 -0.675494
vn 0.0462068 -0.334907 -0.941051
vn -0.319042 -0.254501 -0.913022
vn 0.674544 -0.125114 0.727517
vn -0.701262 0.0644544 0.709863
vn -0.312396 0.42293 0.850941
vn -0.282219 0.134543 0.95003
vn -0.147508 0.377916 0.914222
vn -0.0432718 0.370325 0.92805
vn -0.225872 0.227665 0.947047
vn 0.00718532 0.164748 0.986118
vn 0.0389003 0.268926 0.962233
vn 0.0874385 0.281169 0.955877
vn 0.0976812 0.170602 0.98061
vn 0.164355 0.15748 0.973566
vn 0.121393 0.250293 0.960306
vn 0.228509 0.0997804 0.968574
vn -0.00125531 0.0895325 0.995726
vn 0.412854 0.153747 0.897598
vn 0.259112 0.213275 0.942236
vn 0.168806 0.29158 0.941813
vn 0.103765 0.256741 0.960851
vn 0.593433 0.244149 0.766734
vn 0.381165 0.292088 0.877127
vn 0.258206 0.331341 0.907622
vn 0.145222 0.264603 0.953439
vn 0.288673 0.234906 0.928027
vn 0.714796 0.212565 0.666244
vn 0.780486 0.129287 0.611849
vn 0.511139 0.142086 0.847597
vn 0.800396 0.0774108 0.594716
vn 0.561764 0.0991611 0.821072
vn 0.809728 0.0472593 0.585127
vn 0.580172 0.0647822 0.8121
vn 0.295262 0.0807822 0.952042
vn 0.270878 0.101291 0.957178
vn 0.591216 0.0371715 0.805709
vn 0.305673 0.0554293 0.950516
vn 0.815655 0.0181376 0.578266
vn 0.59866 0.0122385 0.801106
vn 0.818247 -0.00615025 0.574754
vn 0.973358 -0.041031 0.225411
vn 0.818502 -0.0333329 0.573721
vn 0.971043 -0.0748174 0.22658
vn 0.964036 -0.123161 0.235821
vn 0.000601986 0.0892168 0.995962
vn 0.369079 -0.127387 0.92052
vn 0.120584 -0.0245171 0.992484
vn 0.091763 0.0732013 0.993251
vn 0.158369 0.145799 0.976637
vn 0.99805 -0.0662692 -0.001018
vn 0.94495 -0.108158 -0.309094
vn 0.993349 -0.1155 -0.00102773
vn 0.806221 -0.0921678 -0.584418
vn 0.78098 -0.150072 -0.606047
vn 0.927495 -0.188323 -0.322755
vn 0.979767 -0.199257 0.010161
vn 0.733133 -0.238318 -0.636571
vn 0.881886 -0.322741 -0.344237
vn 0.52384 -0.157694 -0.836875
vn 0.568695 -0.108611 -0.815251
vn 0.443492 -0.237481 -0.864215
vn 0.622 -0.3843 -0.681874
vn 0.748388 -0.531523 -0.397281
vn 0.925856 -0.37751 0.00756079
vn 0.309417 -0.437669 -0.844394
vn 0.499778 -0.539731 -0.677336
vn 0.148765 -0.300025 -0.942207
vn 0.232036 -0.135545 -0.963363
vn 0.0705639 -0.443107 -0.893505
vn 0.296519 -0.444725 -0.84505
vn 0.583557 -0.401174 -0.705878
vn 0.674598 -0.600942 -0.428563
vn 0.0609583 -0.277912 -0.958868
vn 0.337801 -0.166949 -0.926309
vn -0.0257937 -0.330949 -0.943461
vn -0.065567 -0.387781 -0.919475
vn 0.630835 -0.043945 -0.77453
vn 0.857393 0.0182628 -0.514909
vn 0.808603 -0.360675 -0.464235
vn 0.985844 0.0660364 -0.154801
vn 0.941714 -0.309984 -0.128765
vn 0.775012 -0.622428 -0.10873
vn 0.785255 -0.6172 -0.0527004
vn -0.0472728 -0.193508 -0.980155
vn -0.144435 -0.401742 -0.904485
vn -0.18483 -0.420605 -0.888509
vn -0.225506 -0.218882 -0.949274
vn -0.0146502 -0.0795391 -0.996776
vn 0.280903 -0.100674 -0.954313
vn -0.278041 -0.0750187 -0.95739
vn 0.00119677 -0.0787609 -0.996931
vn -0.303187 -0.475067 -0.826069
vn -0.394273 -0.320696 -0.861306
vn -0.515191 -0.135507 -0.846386
vn -0.299313 -0.0832129 -0.950595
vn 0.304527 -0.0844277 -0.948599
vn -0.554812 -0.424957 -0.71515
vn -0.697928 -0.248794 -0.671519
vn -0.683153 -0.525482 -0.507122
vn -0.72678 -0.443826 -0.524531
vn -0.536833 -0.491715 -0.685697
vn -0.837135 -0.400205 -0.372881
vn -0.746227 -0.622379 -0.235724
vn -0.903831 -0.427335 0.0245904
vn -0.97163 0.190735 -0.13873
vn -0.907955 0.00700287 -0.418962
vn -0.746497 0.248252 0.617534
vn -0.610493 -0.419523 0.671772
vn -0.138259 0.108247 0.984393
vn -0.00825455 0.0775288 0.997205
vn -0.841712 -0.142493 -0.52105
vn -0.642139 -0.241832 -0.727668
vn -0.354428 -0.360564 -0.862715
vn 0.259588 -0.422168 0.868785
vn 0.584401 -0.47675 0.656843
vn 0.0199447 -0.36721 0.930152
vn -0.00221636 -0.761601 0.647841
vn 0.721177 -0.646138 0.249775
vn 0.26255 -0.829323 0.492754
vn 0.672863 -0.725124 -0.147145
vn 0.390247 -0.897917 0.202855
vn -0.228198 -0.874744 0.427718
vn 0.0081964 -0.92497 0.380009
vn 0.411462 -0.909745 -0.0560465
vn 0.174144 -0.959451 0.22222
vn 0.425326 -0.719134 -0.549955
vn 0.145618 -0.933189 -0.328816
vn 0.135609 -0.989997 0.0422468
vn -0.0398409 -0.970911 0.23621
vn -0.178646 -0.925813 0.332857
vn -0.108471 -0.985981 -0.125523
vn -0.0884067 -0.990526 0.105653
vn -0.110442 -0.600175 -0.792031
vn -0.32947 -0.820767 -0.466301
vn -0.456385 -0.859481 -0.231425
vn -0.275086 -0.961328 -0.0211844
vn -0.264493 -0.951159 0.15872
vn -0.249778 -0.934253 0.253614
vn -0.518057 -0.847432 -0.117865
vn -0.408488 -0.911657 0.0455944
vn -0.482143 -0.730316 -0.484306
vn -0.462966 -0.840057 -0.283525
vn -0.402612 -0.899029 -0.171803
vn -0.531857 -0.845761 -0.0427015
vn -0.496585 -0.859127 0.122485
vn -0.41507 -0.881502 0.224995
vn -0.303782 -0.949757 -0.0769399
vn -0.472507 -0.879836 0.05439
vn -0.0443451 -0.921228 -0.386434
vn 0.0384039 -0.966309 -0.255367
vn 0.149335 -0.975627 -0.16193
vn -0.113916 -0.993228 0.0218879
vn -0.219421 -0.96581 0.138208
vn -0.418066 -0.887528 0.193777
vn 0.336921 -0.935 -0.109485
vn 0.204765 -0.975012 0.0872796
vn 0.281088 -0.885268 -0.371166
vn 0.346226 -0.871915 -0.345628
vn 0.455089 -0.83271 -0.315653
vn 0.545758 -0.837233 -0.0316088
vn 0.497626 -0.852436 0.16125
vn 0.214067 -0.958778 0.186967
vn 0.593582 -0.779664 -0.199843
vn 0.681859 -0.724137 0.104265
vn 0.27011 -0.867872 -0.417303
vn 0.303317 -0.869453 -0.390059
vn 0.41666 -0.852869 -0.314774
vn 0.718701 -0.695272 0.00119466
vn 0.753595 -0.630495 0.185649
vn 0.656919 -0.728457 0.193638
vn 0.626893 -0.772523 -0.103019
vn 0.79394 -0.593508 0.130888
vn 0.734635 -0.578718 0.354181
vn 0.528402 -0.83112 0.173668
vn 0.431519 -0.87898 0.203565
vn -0.0101851 -0.970386 0.241454
vn 0.388836 -0.861088 0.327894
vn -0.100435 -0.930772 0.351357
vn 0.361958 -0.801136 0.476398
vn -0.435172 -0.85357 0.285611
vn -0.118152 -0.884349 0.45206
vn -0.436145 -0.831341 0.344036
vn -0.0818289 -0.862625 0.499281
vn 0.356639 -0.734881 0.576909
vn 0.408216 -0.684603 0.603781
vn -0.426659 -0.832258 0.353616
vn 0.0630033 -0.86545 0.496779
vn -0.418232 -0.862043 0.286949
vn -0.467797 -0.827176 0.310618
vn -0.310349 -0.901815 0.300895
vn 0.32969 -0.844299 0.422472
vn 0.528477 -0.63836 0.55933
vn 0.671651 -0.560769 0.484301
vn 0.0125958 -0.985402 0.170642
vn 0.61054 -0.718475 0.332801
vn -0.460721 -0.866784 0.191526
vn -0.354349 -0.882437 0.309337
vn -0.45208 -0.864303 0.22058
vn -0.216328 -0.976055 -0.0223515
vn 0.440919 -0.896196 0.0469148
vn -0.299039 -0.953615 -0.0366407
vn 0.242941 -0.952006 -0.186288
vn -0.361928 -0.874125 0.323607
vn -0.310861 -0.950384 0.0111342
vn 0.121001 -0.968862 -0.216215
vn 0.0570247 -0.996243 -0.0627552
vn 0.538223 -0.839592 0.0759824
vn 0.629501 -0.774888 0.0528196
vn -0.283355 -0.937746 0.200239
vn 0.0276358 -0.961799 0.272196
vn 0.467723 -0.848311 0.248364
vn -0.164994 -0.78267 0.600307
vn 0.0456288 -0.697471 0.714856
vn 0.403675 -0.745714 0.529606
vn 0.482492 -0.608871 0.629604
vn 0.583678 -0.61643 0.52867
vn 0.321785 -0.4547 0.830712
vn 0.402241 -0.523255 0.751151
vn 0.0788239 -0.226887 0.970847
vn 0.225324 -0.075426 0.971383
vn 0.313081 -0.323136 0.893233
vn 0.0609757 -0.72683 0.684297
vn 0.100955 -0.767594 0.632916
vn 0.185855 -0.0236156 0.982093
vn -0.0255584 -0.560249 0.828042
vn -0.186461 -0.178865 0.966099
vn -0.43446 -0.758806 0.485498
vn -0.256601 -0.922242 0.288495
vn -0.668841 -0.280673 0.688316
vn -0.645677 -0.743425 0.174008
vn -0.336405 -0.941261 0.0241455
vn -0.230302 -0.945345 0.231369
vn -0.246339 -0.968984 -0.0135582
vn -0.41305 -0.909614 0.038548
vn -0.308399 -0.950576 0.0379323
vn -0.252557 -0.967289 -0.0189255
vn -0.228255 -0.973236 0.0309885
vn -0.235339 -0.944209 0.231283
vn -0.279671 -0.958457 -0.0513903
vn -0.197783 -0.978674 -0.0557539
vn -0.104715 -0.993608 -0.0347161
vn -0.0557605 -0.995407 -0.0787152
vn -0.118753 -0.975321 -0.185514
vn -0.0084628 -0.983714 -0.17826
vn -0.13805 -0.959948 0.243734
vn -0.0985168 -0.992169 -0.0739191
vn 0.280136 -0.956237 -0.0855537
vn 0.312129 -0.9397 -0.139607
vn 0.178176 -0.943366 -0.279182
vn 0.459718 -0.873932 -0.157941
vn 0.662428 -0.743896 0.0865936
vn 0.713495 -0.698528 0.0541479
vn 0.409386 -0.908447 0.0842428
vn 0.670505 -0.725101 0.157929
vn 0.774062 -0.62894 0.0706524
vn 0.115739 -0.954451 -0.275321
vn 0.0955587 -0.962708 -0.25315
vn -0.204773 -0.976804 -0.0629315
vn 0.0569337 -0.951145 -0.303441
vn -0.302275 -0.948433 -0.0953277
vn -0.00778783 -0.920515 -0.391094
vn 0.249493 -0.873056 -0.419156
vn 0.218639 -0.847893 -0.483127
vn -0.505455 -0.838643 -0.203574
vn -0.144562 -0.789685 -0.595998
vn -0.671092 -0.738871 0.0613151
vn -0.892548 -0.308885 0.327864
vn -0.894608 -0.4389 0.0820582
vn -0.74928 -0.542366 -0.379774
vn -0.316069 -0.515199 -0.796652
vn 0.140798 -0.740288 -0.657486
vn 0.0132228 -0.516906 -0.855916
vn 0.0846343 -0.511375 -0.85497
vn 0.1826 -0.742124 -0.645255
vn -0.196991 -0.542084 -0.816662
vn -0.126768 -0.799261 -0.587398
vn 0.240441 -0.852836 -0.463545
vn -0.417694 -0.490568 -0.76485
vn 0.771684 -0.460079 0.43928
vn 0.806647 -0.393586 0.441333
vn 0.800268 -0.406035 0.441437
vn 0.774646 -0.499401 0.387946
vn 0.723653 -0.633551 0.273306
vn 0.771986 -0.536304 0.340638
vn 0.804677 -0.427308 0.412001
vn 0.769436 -0.47422 0.427389
vn 0.636264 -0.706214 0.310686
vn 0.629407 -0.617306 0.471801
vn 0.224339 -0.939696 0.258265
vn 0.778158 -0.491578 0.391468
vn 0.723069 -0.667259 0.177896
vn 0.697264 -0.566817 0.43923
vn 0.371922 -0.73259 0.570255
vn 0.184579 -0.76868 0.612359
vt 0.51486 0.151422
vt 0.512641 0.147066
vt 0.525282 0.137882
vt 0.529721 0.146593
vt 0.515625 0.15625
vt 0.5 0.15
vt 0.509184 0.143609
vt 0.518368 0.130968
vt 0.537923 0.128698
vt 0.527552 0.118327
vt 0.509657 0.126529
vt 0.514485 0.111669
vt 0.504828 0.14139
vt 0.5 0.125
vt 0.5 0.109375
vt 0.519314 0.096809
vt 0.5 0.09375
vt 0.485515 0.111669
vt 0.480686 0.096809
vt 0.490343 0.126529
vt 0.490816 0.143609
vt 0.481632 0.130968
vt 0.495172 0.14139
vt 0.472448 0.118327
vt 0.463263 0.105686
vt 0.462077 0.128698
vt 0.449436 0.119513
vt 0.474718 0.137882
vt 0.455419 0.141765
vt 0.440559 0.136936
vt 0.436796 0.110329
vt 0.425699 0.132108
vt 0.454079 0.093046
vt 0.424155 0.101145
vt 0.410838 0.12728
vt 0.421875 0.15625
vt 0.40625 0.15625
vt 0.4375 0.15625
vt 0.425699 0.180392
vt 0.410838 0.18522
vt 0.390625 0.15625
vt 0.395978 0.190049
vt 0.395978 0.122451
vt 0.375 0.15625
vt 0.381118 0.194877
vt 0.411514 0.220539
vt 0.398873 0.229723
vt 0.424155 0.211355
vt 0.435711 0.244736
vt 0.426527 0.257377
vt 0.386232 0.238907
vt 0.417343 0.270018
vt 0.366258 0.199706
vt 0.373591 0.248091
vt 0.408159 0.282659
vt 0.456544 0.289992
vt 0.451716 0.304853
vt 0.461373 0.275132
vt 0.5 0.296875
vt 0.5 0.3125
vt 0.466201 0.260272
vt 0.5 0.28125
vt 0.543455 0.289992
vt 0.548284 0.304853
vt 0.5 0.265625
vt 0.538627 0.275132
vt 0.444895 0.232095
vt 0.47103 0.245412
vt 0.5 0.25
vt 0.533799 0.260272
vt 0.573473 0.257377
vt 0.582657 0.270018
vt 0.52897 0.245412
vt 0.564289 0.244736
vt 0.475858 0.230551
vt 0.5 0.234375
vt 0.524142 0.230551
vt 0.555105 0.232095
vt 0.588486 0.220539
vt 0.601127 0.229723
vt 0.545921 0.219454
vt 0.575845 0.211355
vt 0.5 0.21875
vt 0.519314 0.215691
vt 0.536737 0.206814
vt 0.563204 0.202171
vt 0.589162 0.18522
vt 0.604022 0.190049
vt 0.550564 0.192987
vt 0.574301 0.180392
vt 0.514485 0.200831
vt 0.527552 0.194173
vt 0.537923 0.183802
vt 0.559441 0.175564
vt 0.578125 0.15625
vt 0.59375 0.15625
vt 0.544581 0.170735
vt 0.5625 0.15625
vt 0.518368 0.181532
vt 0.525282 0.174618
vt 0.529721 0.165907
vt 0.546875 0.15625
vt 0.559441 0.136936
vt 0.574301 0.132108
vt 0.53125 0.15625
vt 0.544581 0.141765
vt 0.512641 0.165434
vt 0.51486 0.161078
vt 0.550564 0.119513
vt 0.536737 0.105686
vt 0.563205 0.110329
vt 0.545921 0.093046
vt 0.524142 0.081949
vt 0.555105 0.080405
vt 0.52897 0.067088
vt 0.575845 0.101145
vt 0.564289 0.067764
vt 0.533799 0.052228
vt 0.5 0.0625
vt 0.5 0.046875
vt 0.538627 0.037368
vt 0.5 0.03125
vt 0.588486 0.091961
vt 0.573473 0.055123
vt 0.543456 0.022508
vt 0.5 0.015625
vt 0.461373 0.037368
vt 0.456544 0.022508
vt 0.5 -0
vt 0.451716 0.007647
vt 0.548284 0.007647
vt 0.582657 0.042482
vt 0.591842 0.029841
vt 0.601127 0.082777
vt 0.613768 0.073593
vt 0.626409 0.064408
vt 0.618882 0.117623
vt 0.633742 0.112794
vt 0.648603 0.107966
vt 0.625 0.15625
vt 0.640625 0.15625
vt 0.604022 0.122451
vt 0.609375 0.15625
vt 0.618882 0.194877
vt 0.633742 0.199706
vt 0.65625 0.15625
vt 0.589162 0.12728
vt 0.613768 0.238907
vt 0.648603 0.204534
vt 0.626409 0.248091
vt 0.591841 0.282659
vt 0.417343 0.042482
vt 0.408159 0.029841
vt 0.466201 0.052228
vt 0.426527 0.055123
vt 0.47103 0.067088
vt 0.435711 0.067764
vt 0.398873 0.082777
vt 0.386232 0.073593
vt 0.444895 0.080405
vt 0.411514 0.091961
vt 0.381118 0.117623
vt 0.366258 0.112794
vt 0.373591 0.064409
vt 0.351397 0.107966
vt 0.34375 0.15625
vt 0.359375 0.15625
vt 0.351397 0.204534
vt 0.475858 0.081949
vt 0.5 0.078125
vt 0.509184 0.168891
vt 0.504828 0.17111
vt 0.5 0.171875
vt 0.509657 0.185971
vt 0.5 0.1875
vt 0.5 0.203125
vt 0.485515 0.200831
vt 0.480686 0.215691
vt 0.481632 0.181532
vt 0.490343 0.185971
vt 0.472448 0.194173
vt 0.490816 0.168891
vt 0.495172 0.17111
vt 0.487359 0.165434
vt 0.474718 0.174618
vt 0.462077 0.183802
vt 0.463263 0.206814
vt 0.48514 0.161078
vt 0.470279 0.165907
vt 0.484375 0.15625
vt 0.46875 0.15625
vt 0.455419 0.170735
vt 0.48514 0.151422
vt 0.470279 0.146593
vt 0.453125 0.15625
vt 0.440559 0.175564
vt 0.449436 0.192987
vt 0.436796 0.202171
vt 0.454079 0.219454
vt 0.487359 0.147066
vt 0.5 0.140625
vt 0.375 0.3125
vt 0.3875 0.3125
vt 0.3875 0.331297
vt 0.375 0.331297
vt 0.4 0.3125
vt 0.4 0.331297
vt 0.3875 0.350094
vt 0.4 0.350094
vt 0.375 0.350094
vt 0.3875 0.368891
vt 0.4 0.368891
vt 0.4125 0.350094
vt 0.4125 0.368891
vt 0.4125 0.331297
vt 0.4125 0.3125
vt 0.425 0.331297
vt 0.425 0.350094
vt 0.425 0.368891
vt 0.4125 0.387688
vt 0.425 0.387688
vt 0.4375 0.368891
vt 0.4375 0.387688
vt 0.4375 0.350094
vt 0.45 0.368891
vt 0.45 0.387688
vt 0.4375 0.406485
vt 0.45 0.406485
vt 0.4625 0.387688
vt 0.4625 0.406485
vt 0.45 0.350094
vt 0.4625 0.368891
vt 0.475 0.387688
vt 0.475 0.406485
vt 0.4625 0.425282
vt 0.475 0.425282
vt 0.4875 0.406485
vt 0.4875 0.425282
vt 0.475 0.368891
vt 0.4875 0.387688
vt 0.5 0.406485
vt 0.5 0.425282
vt 0.4875 0.444079
vt 0.5 0.444079
vt 0.5125 0.425282
vt 0.5125 0.444079
vt 0.5 0.387688
vt 0.5125 0.406485
vt 0.525 0.425282
vt 0.525 0.444079
vt 0.5125 0.462876
vt 0.525 0.462876
vt 0.5375 0.444079
vt 0.5375 0.462876
vt 0.525 0.406485
vt 0.5375 0.425282
vt 0.55 0.444079
vt 0.55 0.462876
vt 0.5375 0.481673
vt 0.55 0.481673
vt 0.5625 0.462876
vt 0.5625 0.481673
vt 0.55 0.425282
vt 0.5625 0.444079
vt 0.575 0.462876
vt 0.575 0.481673
vt 0.5625 0.50047
vt 0.575 0.50047
vt 0.5875 0.481673
vt 0.5875 0.50047
vt 0.575 0.444079
vt 0.5875 0.462876
vt 0.6 0.481673
vt 0.6 0.50047
vt 0.5875 0.519267
vt 0.6 0.519267
vt 0.6125 0.50047
vt 0.6125 0.519267
vt 0.6 0.462876
vt 0.6125 0.481673
vt 0.625 0.50047
vt 0.625 0.519267
vt 0.6125 0.538064
vt 0.625 0.538064
vt 0.6 0.538064
vt 0.6125 0.556861
vt 0.625 0.556861
vt 0.5875 0.538064
vt 0.6 0.556861
vt 0.6125 0.575658
vt 0.625 0.575658
vt 0.5875 0.556861
vt 0.6 0.575658
vt 0.575 0.519267
vt 0.575 0.538064
vt 0.5625 0.519267
vt 0.5625 0.538064
vt 0.575 0.556861
vt 0.55 0.50047
vt 0.55 0.519267
vt 0.5375 0.50047
vt 0.5375 0.519267
vt 0.55 0.538064
vt 0.525 0.481673
vt 0.525 0.50047
vt 0.5125 0.481673
vt 0.5125 0.50047
vt 0.525 0.519267
vt 0.5 0.462876
vt 0.5 0.481673
vt 0.4875 0.462876
vt 0.4875 0.481673
vt 0.5 0.50047
vt 0.475 0.444079
vt 0.475 0.462876
vt 0.4625 0.444079
vt 0.4625 0.462876
vt 0.475 0.481673
vt 0.45 0.425282
vt 0.45 0.444079
vt 0.4375 0.425282
vt 0.4375 0.444079
vt 0.45 0.462876
vt 0.425 0.406485
vt 0.425 0.425282
vt 0.4125 0.406485
vt 0.4125 0.425282
vt 0.425 0.444079
vt 0.4 0.387688
vt 0.4 0.406485
vt 0.3875 0.387688
vt 0.3875 0.406485
vt 0.4 0.425282
vt 0.375 0.368891
vt 0.375 0.387688
vt 0.375 0.406485
vt 0.3875 0.425282
vt 0.4 0.444079
vt 0.4125 0.444079
vt 0.375 0.425282
vt 0.3875 0.444079
vt 0.4 0.462876
vt 0.4125 0.462876
vt 0.425 0.462876
vt 0.4125 0.481673
vt 0.425 0.481673
vt 0.3875 0.462876
vt 0.4 0.481673
vt 0.4125 0.50047
vt 0.425 0.50047
vt 0.4375 0.481673
vt 0.4375 0.50047
vt 0.425 0.519267
vt 0.4375 0.519267
vt 0.4 0.50047
vt 0.4125 0.519267
vt 0.425 0.538064
vt 0.4375 0.538064
vt 0.45 0.519267
vt 0.45 0.538064
vt 0.4375 0.556861
vt 0.45 0.556861
vt 0.4125 0.538064
vt 0.425 0.556861
vt 0.4375 0.575658
vt 0.45 0.575658
vt 0.4625 0.556861
vt 0.4625 0.575658
vt 0.45 0.594455
vt 0.4625 0.594455
vt 0.425 0.575658
vt 0.4375 0.594455
vt 0.45 0.613252
vt 0.4625 0.613252
vt 0.475 0.594455
vt 0.475 0.613252
vt 0.4625 0.632049
vt 0.475 0.632049
vt 0.4375 0.613252
vt 0.45 0.632049
vt 0.4625 0.650846
vt 0.475 0.650846
vt 0.4875 0.632049
vt 0.4875 0.650846
vt 0.475 0.669643
vt 0.4875 0.669643
vt 0.45 0.650846
vt 0.4625 0.669643
vt 0.475 0.68844
vt 0.4875 0.68844
vt 0.5 0.669643
vt 0.5 0.68844
vt 0.5 0.650846
vt 0.5125 0.669643
vt 0.5125 0.68844
vt 0.5 0.632049
vt 0.5125 0.650846
vt 0.525 0.669643
vt 0.525 0.68844
vt 0.5125 0.632049
vt 0.525 0.650846
vt 0.5375 0.669643
vt 0.5375 0.68844
vt 0.5375 0.650846
vt 0.55 0.669643
vt 0.55 0.68844
vt 0.525 0.632049
vt 0.5375 0.632049
vt 0.55 0.650846
vt 0.5125 0.613252
vt 0.525 0.613252
vt 0.5375 0.613252
vt 0.55 0.632049
vt 0.5625 0.650846
vt 0.5625 0.669643
vt 0.55 0.613252
vt 0.5625 0.632049
vt 0.525 0.594455
vt 0.5375 0.594455
vt 0.55 0.594455
vt 0.5625 0.613252
vt 0.575 0.632049
vt 0.575 0.650846
vt 0.5625 0.594455
vt 0.575 0.613252
vt 0.5375 0.575658
vt 0.55 0.575658
vt 0.5625 0.575658
vt 0.575 0.594455
vt 0.5875 0.613252
vt 0.5875 0.632049
vt 0.575 0.575658
vt 0.5875 0.594455
vt 0.55 0.556861
vt 0.5625 0.556861
vt 0.5875 0.575658
vt 0.6 0.594455
vt 0.6 0.613252
vt 0.5375 0.538064
vt 0.525 0.538064
vt 0.5375 0.556861
vt 0.5125 0.519267
vt 0.5125 0.538064
vt 0.525 0.556861
vt 0.5125 0.556861
vt 0.525 0.575658
vt 0.5 0.519267
vt 0.5 0.538064
vt 0.5 0.556861
vt 0.5125 0.575658
vt 0.5 0.575658
vt 0.5125 0.594455
vt 0.4875 0.538064
vt 0.4875 0.556861
vt 0.4875 0.575658
vt 0.5 0.594455
vt 0.4875 0.594455
vt 0.5 0.613252
vt 0.475 0.556861
vt 0.475 0.575658
vt 0.4875 0.613252
vt 0.4625 0.538064
vt 0.4625 0.519267
vt 0.475 0.538064
vt 0.45 0.50047
vt 0.4625 0.50047
vt 0.475 0.519267
vt 0.475 0.50047
vt 0.4875 0.519267
vt 0.45 0.481673
vt 0.4625 0.481673
vt 0.4875 0.50047
vt 0.4375 0.462876
vt 0.6125 0.594455
vt 0.6125 0.613252
vt 0.625 0.594455
vt 0.625 0.613252
vt 0.6125 0.632049
vt 0.625 0.632049
vt 0.6 0.632049
vt 0.6125 0.650846
vt 0.625 0.650846
vt 0.6 0.650846
vt 0.6125 0.669643
vt 0.625 0.669643
vt 0.5875 0.650846
vt 0.6 0.669643
vt 0.5875 0.669643
vt 0.6 0.68844
vt 0.6125 0.68844
vt 0.575 0.669643
vt 0.5875 0.68844
vt 0.575 0.68844
vt 0.5625 0.68844
vt 0.625 0.68844
vt 0.4625 0.68844
vt 0.45 0.669643
vt 0.45 0.68844
vt 0.4375 0.650846
vt 0.4375 0.669643
vt 0.4375 0.632049
vt 0.425 0.632049
vt 0.425 0.650846
vt 0.425 0.669643
vt 0.4375 0.68844
vt 0.4125 0.632049
vt 0.4125 0.650846
vt 0.4125 0.613252
vt 0.425 0.613252
vt 0.4 0.613252
vt 0.4 0.632049
vt 0.4 0.650846
vt 0.4125 0.669643
vt 0.3875 0.613252
vt 0.3875 0.632049
vt 0.3875 0.650846
vt 0.4 0.669643
vt 0.375 0.632049
vt 0.375 0.650846
vt 0.3875 0.669643
vt 0.375 0.613252
vt 0.375 0.594455
vt 0.375 0.575658
vt 0.3875 0.594455
vt 0.375 0.556861
vt 0.3875 0.575658
vt 0.4 0.594455
vt 0.3875 0.556861
vt 0.4 0.575658
vt 0.375 0.538064
vt 0.3875 0.538064
vt 0.4 0.556861
vt 0.4125 0.575658
vt 0.4125 0.594455
vt 0.4 0.538064
vt 0.4125 0.556861
vt 0.375 0.519267
vt 0.3875 0.519267
vt 0.4 0.519267
vt 0.3875 0.50047
vt 0.375 0.50047
vt 0.375 0.481673
vt 0.3875 0.481673
vt 0.375 0.462876
vt 0.375 0.444079
vt 0.425 0.594455
vt 0.375 0.669643
vt 0.3875 0.68844
vt 0.4 0.68844
vt 0.375 0.68844
vt 0.4125 0.68844
vt 0.425 0.68844
vt 0.625 0.481673
vt 0.6125 0.462876
vt 0.625 0.462876
vt 0.6 0.444079
vt 0.6125 0.444079
vt 0.5875 0.444079
vt 0.5875 0.425282
vt 0.6 0.425282
vt 0.6125 0.425282
vt 0.625 0.444079
vt 0.5875 0.406485
vt 0.6 0.406485
vt 0.575 0.406485
vt 0.575 0.425282
vt 0.575 0.387688
vt 0.5875 0.387688
vt 0.6 0.387688
vt 0.6125 0.406485
vt 0.575 0.368891
vt 0.5875 0.368891
vt 0.5625 0.368891
vt 0.5625 0.387688
vt 0.5625 0.350094
vt 0.575 0.350094
vt 0.5875 0.350094
vt 0.6 0.368891
vt 0.5625 0.331297
vt 0.575 0.331297
vt 0.55 0.331297
vt 0.55 0.350094
vt 0.55 0.3125
vt 0.5625 0.3125
vt 0.575 0.3125
vt 0.5875 0.331297
vt 0.5875 0.3125
vt 0.6 0.331297
vt 0.6 0.350094
vt 0.6 0.3125
vt 0.6125 0.331297
vt 0.6125 0.350094
vt 0.6125 0.368891
vt 0.625 0.350094
vt 0.625 0.368891
vt 0.6125 0.3125
vt 0.625 0.331297
vt 0.625 0.3125
vt 0.6125 0.387688
vt 0.625 0.387688
vt 0.625 0.406485
vt 0.625 0.425282
vt 0.55 0.368891
vt 0.5375 0.331297
vt 0.5375 0.350094
vt 0.5375 0.368891
vt 0.55 0.387688
vt 0.5625 0.406485
vt 0.5375 0.387688
vt 0.55 0.406485
vt 0.525 0.350094
vt 0.525 0.368891
vt 0.525 0.387688
vt 0.5375 0.406485
vt 0.5625 0.425282
vt 0.5125 0.368891
vt 0.5125 0.387688
vt 0.5 0.368891
vt 0.5 0.350094
vt 0.5125 0.350094
vt 0.4875 0.350094
vt 0.4875 0.368891
vt 0.475 0.350094
vt 0.475 0.331297
vt 0.4875 0.331297
vt 0.4625 0.331297
vt 0.4625 0.350094
vt 0.45 0.331297
vt 0.45 0.3125
vt 0.4625 0.3125
vt 0.4375 0.3125
vt 0.4375 0.331297
vt 0.425 0.3125
vt 0.475 0.3125
vt 0.4875 0.3125
vt 0.5 0.331297
vt 0.5125 0.331297
vt 0.5125 0.3125
vt 0.525 0.331297
vt 0.525 0.3125
vt 0.5375 0.3125
vt 0.648603 0.892034
vt 0.626409 0.935591
vt 0.613768 0.926407
vt 0.633742 0.887205
vt 0.65625 0.84375
vt 0.591841 0.970159
vt 0.582657 0.957518
vt 0.601127 0.917223
vt 0.640625 0.84375
vt 0.618882 0.882377
vt 0.648603 0.795466
vt 0.633742 0.800294
vt 0.625 0.84375
vt 0.588486 0.908039
vt 0.604022 0.877549
vt 0.618882 0.805123
vt 0.609375 0.84375
vt 0.626409 0.751908
vt 0.613768 0.761093
vt 0.601127 0.770277
vt 0.604022 0.809951
vt 0.59375 0.84375
vt 0.589162 0.87272
vt 0.588486 0.779461
vt 0.589162 0.81478
vt 0.582657 0.729982
vt 0.573473 0.742623
vt 0.564289 0.755264
vt 0.575845 0.788645
vt 0.574301 0.819608
vt 0.578125 0.84375
vt 0.555105 0.767905
vt 0.563205 0.797829
vt 0.538627 0.724868
vt 0.533799 0.739728
vt 0.52897 0.754588
vt 0.545921 0.780545
vt 0.550564 0.807013
vt 0.559441 0.824436
vt 0.524142 0.769449
vt 0.536737 0.793186
vt 0.5 0.734375
vt 0.5 0.75
vt 0.5 0.765625
vt 0.519314 0.784309
vt 0.527552 0.805827
vt 0.537923 0.816198
vt 0.5 0.78125
vt 0.514485 0.799169
vt 0.47103 0.754588
vt 0.475858 0.769449
vt 0.480686 0.784309
vt 0.5 0.796875
vt 0.509657 0.814029
vt 0.518368 0.818468
vt 0.485515 0.799169
vt 0.5 0.8125
vt 0.454079 0.780546
vt 0.463263 0.793186
vt 0.472448 0.805827
vt 0.490343 0.814029
vt 0.5 0.828125
vt 0.504828 0.82889
vt 0.481632 0.818468
vt 0.495172 0.82889
vt 0.5 0.8375
vt 0.509184 0.831109
vt 0.512641 0.834566
vt 0.525282 0.825382
vt 0.51486 0.838922
vt 0.529721 0.834093
vt 0.515625 0.84375
vt 0.544581 0.829265
vt 0.53125 0.84375
vt 0.546875 0.84375
vt 0.529721 0.853407
vt 0.51486 0.848578
vt 0.512641 0.852934
vt 0.544581 0.858235
vt 0.525282 0.862118
vt 0.5625 0.84375
vt 0.559441 0.863064
vt 0.537923 0.871302
vt 0.518368 0.869032
vt 0.509184 0.856391
vt 0.504828 0.85861
vt 0.527552 0.881673
vt 0.509657 0.873471
vt 0.550564 0.880487
vt 0.574301 0.867892
vt 0.563204 0.889671
vt 0.536737 0.894314
vt 0.514485 0.888331
vt 0.545921 0.906954
vt 0.519314 0.903191
vt 0.575845 0.898855
vt 0.555105 0.919595
vt 0.524142 0.918051
vt 0.52897 0.932912
vt 0.5 0.921875
vt 0.5 0.90625
vt 0.564289 0.932236
vt 0.533799 0.947772
vt 0.5 0.9375
vt 0.573473 0.944877
vt 0.538627 0.962632
vt 0.5 0.953125
vt 0.47103 0.932912
vt 0.475858 0.918051
vt 0.5 0.96875
vt 0.466201 0.947772
vt 0.543455 0.977492
vt 0.5 0.984375
vt 0.461373 0.962632
vt 0.435711 0.932236
vt 0.444895 0.919595
vt 0.456544 0.977492
vt 0.426527 0.944877
vt 0.548284 0.992353
vt 0.5 1
vt 0.451716 0.992353
vt 0.417343 0.957518
vt 0.398873 0.917223
vt 0.411514 0.908039
vt 0.408159 0.970159
vt 0.386232 0.926407
vt 0.381118 0.882377
vt 0.395978 0.877549
vt 0.424155 0.898855
vt 0.410838 0.87272
vt 0.390625 0.84375
vt 0.40625 0.84375
vt 0.425699 0.867892
vt 0.421875 0.84375
vt 0.436796 0.889671
vt 0.440559 0.863064
vt 0.4375 0.84375
vt 0.425699 0.819608
vt 0.440559 0.824436
vt 0.453125 0.84375
vt 0.455419 0.829265
vt 0.449436 0.880487
vt 0.455419 0.858235
vt 0.46875 0.84375
vt 0.470279 0.834093
vt 0.462077 0.816198
vt 0.474718 0.825382
vt 0.48514 0.838922
vt 0.487359 0.834566
vt 0.470279 0.853407
vt 0.484375 0.84375
vt 0.490816 0.831109
vt 0.449436 0.807013
vt 0.436796 0.797829
vt 0.410838 0.81478
vt 0.424155 0.788645
vt 0.395978 0.809951
vt 0.411514 0.779461
vt 0.444895 0.767905
vt 0.435711 0.755264
vt 0.381118 0.805123
vt 0.398873 0.770277
vt 0.375 0.84375
vt 0.366258 0.887206
vt 0.359375 0.84375
vt 0.366258 0.800294
vt 0.386232 0.761093
vt 0.426527 0.742623
vt 0.34375 0.84375
vt 0.351397 0.795466
vt 0.351397 0.892034
vt 0.373591 0.935591
vt 0.373591 0.751909
vt 0.417343 0.729982
vt 0.408159 0.717341
vt 0.456544 0.710008
vt 0.461373 0.724868
vt 0.451716 0.695147
vt 0.5 0.703125
vt 0.5 0.71875
vt 0.466201 0.739728
vt 0.543456 0.710008
vt 0.5 0.6875
vt 0.548284 0.695147
vt 0.591842 0.717341
vt 0.5 0.859375
vt 0.495172 0.85861
vt 0.490816 0.856391
vt 0.487359 0.852934
vt 0.48514 0.848578
vt 0.5 0.875
vt 0.490343 0.873471
vt 0.481632 0.869032
vt 0.474718 0.862118
vt 0.472448 0.881673
vt 0.462077 0.871302
vt 0.485515 0.888331
vt 0.5 0.890625
vt 0.480686 0.903191
vt 0.463263 0.894314
vt 0.454079 0.906954
#  ----------------------------------------------------------
#  InternalName: bone
#  ExternalName: bone
#  Num verts:  782
#  Num sets:   4680
#  Num elems:  1560
#  Num tverts: 842
#  Num tsets:  4680
#  Num tElems: 1560

mtllib	bone.mtl
g bone
g bone
usemtl initialShadingGroup
f 1/1/1 2/2/2 3/3/3
f 1/1/1 3/3/3 4/4/4
f 5/5/5 1/1/1 4/4/4
f 2/2/2 1/1/1 6/6/6
f 1/1/1 5/5/5 6/6/6
f 2/2/2 7/7/7 8/8/8
f 2/2/2 8/8/8 3/3/3
f 7/7/7 2/2/2 6/6/6
f 4/4/4 3/3/3 9/9/9
f 3/3/3 8/8/8 10/10/10
f 3/3/3 10/10/10 9/9/9
f 7/7/7 11/11/11 8/8/8
f 8/8/8 11/11/11 12/12/12
f 8/8/8 12/12/12 10/10/10
f 7/7/7 13/13/13 11/11/11
f 13/13/13 7/7/7 6/6/6
f 13/13/13 14/14/14 11/11/11
f 11/11/11 14/14/14 15/15/15
f 11/11/11 15/15/15 12/12/12
f 10/10/10 12/12/12 16/16/16
f 12/12/12 15/15/15 17/17/17
f 12/12/12 17/17/17 16/16/16
f 14/14/14 18/18/18 15/15/15
f 15/15/15 18/18/18 19/19/19
f 15/15/15 19/19/19 17/17/17
f 14/14/14 20/20/20 18/18/18
f 21/21/21 22/22/22 20/20/20
f 21/21/21 20/20/20 23/23/23
f 20/20/20 22/22/22 24/24/24
f 20/20/20 24/24/24 18/18/18
f 18/18/18 24/24/24 25/25/25
f 18/18/18 25/25/25 19/19/19
f 22/22/22 26/26/26 24/24/24
f 24/24/24 26/26/26 27/27/27
f 24/24/24 27/27/27 25/25/25
f 21/21/21 28/28/28 22/22/22
f 22/22/22 28/28/28 26/26/26
f 28/28/28 29/29/29 26/26/26
f 26/26/26 29/29/29 30/30/30
f 26/26/26 30/30/30 27/27/27
f 25/25/25 27/27/27 31/31/31
f 27/27/27 30/30/30 32/32/32
f 27/27/27 32/32/32 31/31/31
f 25/25/25 31/31/31 33/33/33
f 33/33/33 31/31/31 34/34/34
f 31/31/31 32/32/32 35/35/35
f 31/31/31 35/35/35 34/34/34
f 30/30/30 36/36/36 32/32/32
f 32/32/32 36/36/36 37/37/37
f 32/32/32 37/37/37 35/35/35
f 29/29/29 38/38/38 30/30/30
f 30/30/30 38/38/38 36/36/36
f 38/38/38 39/39/39 36/36/36
f 36/36/36 39/39/39 40/40/40
f 36/36/36 40/40/40 37/37/37
f 35/35/35 37/37/37 41/41/41
f 37/37/37 40/40/40 42/42/42
f 37/37/37 42/42/42 41/41/41
f 34/34/34 35/35/35 43/43/43
f 35/35/35 41/41/41 43/43/43
f 43/43/43 41/41/41 44/44/44
f 41/41/41 42/42/42 45/45/45
f 41/41/41 45/45/45 44/44/44
f 40/40/40 46/46/46 42/42/42
f 42/42/42 46/46/46 47/47/47
f 42/42/42 47/47/47 45/45/45
f 39/39/39 48/48/48 40/40/40
f 40/40/40 48/48/48 46/46/46
f 48/48/48 49/49/49 46/46/46
f 46/46/46 49/49/49 50/50/50
f 46/46/46 50/50/50 47/47/47
f 45/45/45 47/47/47 51/51/51
f 47/47/47 50/50/50 52/52/52
f 47/47/47 52/52/52 51/51/51
f 44/44/44 45/45/45 53/53/53
f 45/45/45 51/51/51 53/53/53
f 53/53/53 51/51/51 54/54/54
f 51/51/51 52/52/52 55/55/55
f 51/51/51 55/55/55 54/54/54
f 50/50/50 56/56/56 52/52/52
f 52/52/52 56/56/56 57/57/57
f 52/52/52 57/57/57 55/55/55
f 49/49/49 58/58/58 50/50/50
f 50/50/50 58/58/58 56/56/56
f 58/58/58 59/59/59 56/56/56
f 56/56/56 59/59/59 60/60/60
f 56/56/56 60/60/60 57/57/57
f 49/49/49 61/61/61 58/58/58
f 61/61/61 62/62/62 58/58/58
f 58/58/58 62/62/62 59/59/59
f 62/62/62 63/63/63 59/59/59
f 59/59/59 63/63/63 64/64/64
f 59/59/59 64/64/64 60/60/60
f 61/61/61 65/65/65 62/62/62
f 65/65/65 66/66/66 62/62/62
f 62/62/62 66/66/66 63/63/63
f 67/67/67 68/68/68 61/61/61
f 67/67/67 61/61/61 49/49/49
f 68/68/68 65/65/65 61/61/61
f 68/68/68 69/69/69 65/65/65
f 69/69/69 70/70/70 65/65/65
f 65/65/65 70/70/70 66/66/66
f 70/70/70 71/71/71 66/66/66
f 66/66/66 71/71/71 72/72/72
f 66/66/66 72/72/72 63/63/63
f 69/69/69 73/73/73 70/70/70
f 73/73/73 74/74/74 70/70/70
f 70/70/70 74/74/74 71/71/71
f 75/75/75 76/76/76 69/69/69
f 75/75/75 69/69/69 68/68/68
f 76/76/76 73/73/73 69/69/69
f 76/76/76 77/77/77 73/73/73
f 77/77/77 78/78/78 73/73/73
f 73/73/73 78/78/78 74/74/74
f 78/78/78 79/79/79 74/74/74
f 74/74/74 79/79/79 80/80/80
f 74/74/74 80/80/80 71/71/71
f 77/77/77 81/81/81 78/78/78
f 81/81/81 82/82/82 78/78/78
f 78/78/78 82/82/82 79/79/79
f 83/83/83 84/84/84 77/77/77
f 83/83/83 77/77/77 76/76/76
f 84/84/84 81/81/81 77/77/77
f 84/84/84 85/85/85 81/81/81
f 85/85/85 86/86/86 81/81/81
f 81/81/81 86/86/86 82/82/82
f 86/86/86 87/87/87 82/82/82
f 82/82/82 87/87/87 88/88/88
f 82/82/82 88/88/88 79/79/79
f 85/85/85 89/89/89 86/86/86
f 89/89/89 90/90/90 86/86/86
f 86/86/86 90/90/90 87/87/87
f 91/91/91 92/92/92 85/85/85
f 91/91/91 85/85/85 84/84/84
f 92/92/92 89/89/89 85/85/85
f 92/92/92 93/93/93 89/89/89
f 93/93/93 94/94/94 89/89/89
f 89/89/89 94/94/94 90/90/90
f 94/94/94 95/95/95 90/90/90
f 90/90/90 95/95/95 96/96/96
f 90/90/90 96/96/96 87/87/87
f 93/93/93 97/97/97 94/94/94
f 97/97/97 98/98/98 94/94/94
f 94/94/94 98/98/98 95/95/95
f 99/99/99 100/100/100 93/93/93
f 99/99/99 93/93/93 92/92/92
f 100/100/100 97/97/97 93/93/93
f 100/100/100 101/101/101 97/97/97
f 101/101/101 102/102/102 97/97/97
f 97/97/97 102/102/102 98/98/98
f 102/102/102 103/103/103 98/98/98
f 98/98/98 103/103/103 104/104/104
f 98/98/98 104/104/104 95/95/95
f 101/101/101 105/105/105 102/102/102
f 105/105/105 106/106/106 102/102/102
f 102/102/102 106/106/106 103/103/103
f 107/107/107 108/108/108 101/101/101
f 107/107/107 101/101/101 100/100/100
f 108/108/108 105/105/105 101/101/101
f 108/108/108 5/5/5 105/105/105
f 5/5/5 4/4/4 105/105/105
f 105/105/105 4/4/4 106/106/106
f 4/4/4 9/9/9 106/106/106
f 106/106/106 9/9/9 109/109/109
f 106/106/106 109/109/109 103/103/103
f 9/9/9 10/10/10 110/110/110
f 9/9/9 110/110/110 109/109/109
f 103/103/103 109/109/109 111/111/111
f 109/109/109 110/110/110 112/112/112
f 109/109/109 112/112/112 111/111/111
f 10/10/10 16/16/16 110/110/110
f 110/110/110 16/16/16 113/113/113
f 110/110/110 113/113/113 112/112/112
f 111/111/111 112/112/112 114/114/114
f 112/112/112 113/113/113 115/115/115
f 112/112/112 115/115/115 114/114/114
f 103/103/103 111/111/111 104/104/104
f 104/104/104 111/111/111 116/116/116
f 111/111/111 114/114/114 116/116/116
f 116/116/116 114/114/114 117/117/117
f 114/114/114 115/115/115 118/118/118
f 114/114/114 118/118/118 117/117/117
f 113/113/113 119/119/119 115/115/115
f 115/115/115 119/119/119 120/120/120
f 115/115/115 120/120/120 118/118/118
f 117/117/117 118/118/118 121/121/121
f 118/118/118 120/120/120 122/122/122
f 118/118/118 122/122/122 121/121/121
f 116/116/116 117/117/117 123/123/123
f 123/123/123 117/117/117 124/124/124
f 117/117/117 121/121/121 124/124/124
f 124/124/124 121/121/121 125/125/125
f 121/121/121 122/122/122 126/126/126
f 121/121/121 126/126/126 125/125/125
f 120/120/120 127/127/127 122/122/122
f 122/122/122 127/127/127 128/128/128
f 122/122/122 128/128/128 126/126/126
f 125/125/125 126/126/126 129/129/129
f 126/126/126 128/128/128 130/130/130
f 126/126/126 130/130/130 129/129/129
f 125/125/125 129/129/129 131/131/131
f 132/132/132 125/125/125 131/131/131
f 132/132/132 131/131/131 133/133/133
f 134/134/134 124/124/124 132/132/132
f 134/134/134 132/132/132 135/135/135
f 124/124/124 125/125/125 132/132/132
f 135/135/135 132/132/132 133/133/133
f 135/135/135 133/133/133 136/136/136
f 137/137/137 134/134/134 135/135/135
f 137/137/137 135/135/135 138/138/138
f 138/138/138 135/135/135 136/136/136
f 138/138/138 136/136/136 139/139/139
f 140/140/140 137/137/137 138/138/138
f 140/140/140 138/138/138 141/141/141
f 141/141/141 138/138/138 139/139/139
f 142/142/142 134/134/134 137/137/137
f 143/143/143 142/142/142 137/137/137
f 143/143/143 137/137/137 140/140/140
f 88/88/88 143/143/143 140/140/140
f 88/88/88 140/140/140 144/144/144
f 144/144/144 140/140/140 141/141/141
f 144/144/144 141/141/141 145/145/145
f 145/145/145 141/141/141 146/146/146
f 141/141/141 139/139/139 146/146/146
f 79/79/79 88/88/88 144/144/144
f 79/79/79 144/144/144 80/80/80
f 80/80/80 144/144/144 145/145/145
f 87/87/87 143/143/143 88/88/88
f 87/87/87 96/96/96 143/143/143
f 96/96/96 142/142/142 143/143/143
f 95/95/95 147/147/147 96/96/96
f 96/96/96 147/147/147 142/142/142
f 95/95/95 104/104/104 147/147/147
f 104/104/104 116/116/116 147/147/147
f 147/147/147 116/116/116 123/123/123
f 147/147/147 123/123/123 142/142/142
f 142/142/142 123/123/123 134/134/134
f 123/123/123 124/124/124 134/134/134
f 80/80/80 145/145/145 148/148/148
f 148/148/148 145/145/145 149/149/149
f 145/145/145 146/146/146 149/149/149
f 71/71/71 80/80/80 148/148/148
f 71/71/71 148/148/148 72/72/72
f 72/72/72 148/148/148 150/150/150
f 148/148/148 149/149/149 150/150/150
f 63/63/63 72/72/72 151/151/151
f 72/72/72 150/150/150 151/151/151
f 63/63/63 151/151/151 64/64/64
f 127/127/127 152/152/152 128/128/128
f 128/128/128 152/152/152 153/153/153
f 128/128/128 153/153/153 130/130/130
f 120/120/120 154/154/154 127/127/127
f 154/154/154 155/155/155 127/127/127
f 127/127/127 155/155/155 152/152/152
f 119/119/119 154/154/154 120/120/120
f 119/119/119 156/156/156 154/154/154
f 156/156/156 157/157/157 154/154/154
f 154/154/154 157/157/157 155/155/155
f 157/157/157 158/158/158 155/155/155
f 155/155/155 158/158/158 159/159/159
f 155/155/155 159/159/159 152/152/152
f 156/156/156 160/160/160 157/157/157
f 160/160/160 161/161/161 157/157/157
f 157/157/157 161/161/161 158/158/158
f 161/161/161 162/162/162 158/158/158
f 158/158/158 162/162/162 163/163/163
f 158/158/158 163/163/163 159/159/159
f 152/152/152 159/159/159 164/164/164
f 159/159/159 163/163/163 165/165/165
f 159/159/159 165/165/165 164/164/164
f 152/152/152 164/164/164 153/153/153
f 163/163/163 166/166/166 165/165/165
f 162/162/162 167/167/167 163/163/163
f 163/163/163 167/167/167 166/166/166
f 167/167/167 168/168/168 166/166/166
f 162/162/162 44/44/44 167/167/167
f 44/44/44 53/53/53 167/167/167
f 167/167/167 53/53/53 168/168/168
f 53/53/53 54/54/54 168/168/168
f 43/43/43 44/44/44 162/162/162
f 34/34/34 43/43/43 161/161/161
f 161/161/161 43/43/43 162/162/162
f 33/33/33 34/34/34 160/160/160
f 160/160/160 34/34/34 161/161/161
f 19/19/19 25/25/25 33/33/33
f 19/19/19 33/33/33 169/169/169
f 169/169/169 33/33/33 160/160/160
f 169/169/169 160/160/160 156/156/156
f 17/17/17 19/19/19 169/169/169
f 17/17/17 169/169/169 170/170/170
f 170/170/170 169/169/169 156/156/156
f 170/170/170 156/156/156 119/119/119
f 16/16/16 17/17/17 170/170/170
f 16/16/16 170/170/170 113/113/113
f 113/113/113 170/170/170 119/119/119
f 5/5/5 108/108/108 6/6/6
f 108/108/108 107/107/107 6/6/6
f 171/171/171 107/107/107 100/100/100
f 107/107/107 171/171/171 6/6/6
f 172/172/172 173/173/173 6/6/6
f 173/173/173 172/172/172 174/174/174
f 172/172/172 171/171/171 99/99/99
f 172/172/172 99/99/99 174/174/174
f 173/173/173 174/174/174 175/175/175
f 175/175/175 174/174/174 91/91/91
f 174/174/174 99/99/99 92/92/92
f 174/174/174 92/92/92 91/91/91
f 171/171/171 100/100/100 99/99/99
f 175/175/175 91/91/91 176/176/176
f 176/176/176 91/91/91 84/84/84
f 176/176/176 84/84/84 83/83/83
f 177/177/177 176/176/176 83/83/83
f 177/177/177 83/83/83 178/178/178
f 178/178/178 83/83/83 76/76/76
f 179/179/179 180/180/180 177/177/177
f 179/179/179 177/177/177 181/181/181
f 180/180/180 176/176/176 177/177/177
f 181/181/181 177/177/177 178/178/178
f 180/180/180 175/175/175 176/176/176
f 182/182/182 183/183/183 180/180/180
f 182/182/182 180/180/180 179/179/179
f 183/183/183 175/175/175 180/180/180
f 184/184/184 182/182/182 179/179/179
f 184/184/184 179/179/179 185/185/185
f 185/185/185 179/179/179 181/181/181
f 185/185/185 181/181/181 186/186/186
f 186/186/186 181/181/181 187/187/187
f 181/181/181 178/178/178 187/187/187
f 188/188/188 184/184/184 185/185/185
f 188/188/188 185/185/185 189/189/189
f 189/189/189 185/185/185 186/186/186
f 184/184/184 188/188/188 6/6/6
f 182/182/182 184/184/184 6/6/6
f 183/183/183 182/182/182 6/6/6
f 183/183/183 173/173/173 175/175/175
f 173/173/173 183/183/183 6/6/6
f 190/190/190 188/188/188 189/189/189
f 188/188/188 190/190/190 6/6/6
f 190/190/190 189/189/189 191/191/191
f 191/191/191 189/189/189 192/192/192
f 189/189/189 186/186/186 192/192/192
f 193/193/193 190/190/190 191/191/191
f 193/193/193 191/191/191 194/194/194
f 194/194/194 191/191/191 195/195/195
f 191/191/191 192/192/192 195/195/195
f 195/195/195 192/192/192 196/196/196
f 192/192/192 186/186/186 197/197/197
f 192/192/192 197/197/197 196/196/196
f 194/194/194 195/195/195 29/29/29
f 29/29/29 195/195/195 38/38/38
f 195/195/195 196/196/196 38/38/38
f 38/38/38 196/196/196 39/39/39
f 196/196/196 197/197/197 198/198/198
f 196/196/196 198/198/198 39/39/39
f 186/186/186 187/187/187 197/197/197
f 197/197/197 187/187/187 199/199/199
f 197/197/197 199/199/199 198/198/198
f 39/39/39 198/198/198 48/48/48
f 198/198/198 199/199/199 67/67/67
f 198/198/198 67/67/67 48/48/48
f 187/187/187 75/75/75 199/199/199
f 199/199/199 75/75/75 68/68/68
f 199/199/199 68/68/68 67/67/67
f 187/187/187 178/178/178 75/75/75
f 178/178/178 76/76/76 75/75/75
f 48/48/48 67/67/67 49/49/49
f 28/28/28 194/194/194 29/29/29
f 21/21/21 200/200/200 28/28/28
f 200/200/200 194/194/194 28/28/28
f 200/200/200 193/193/193 194/194/194
f 200/200/200 21/21/21 6/6/6
f 193/193/193 200/200/200 6/6/6
f 190/190/190 193/193/193 6/6/6
f 201/201/201 13/13/13 6/6/6
f 23/23/23 201/201/201 6/6/6
f 21/21/21 23/23/23 6/6/6
f 171/171/171 172/172/172 6/6/6
f 13/13/13 201/201/201 14/14/14
f 201/201/201 23/23/23 20/20/20
f 201/201/201 20/20/20 14/14/14
f 139/202/139 136/203/136 202/204/202
f 139/202/139 202/204/202 203/205/203
f 136/203/136 133/206/133 204/207/204
f 136/203/136 204/207/204 202/204/202
f 203/205/203 202/204/202 205/208/205
f 202/204/202 204/207/204 206/209/206
f 202/204/202 206/209/206 205/208/205
f 203/205/203 205/208/205 207/210/207
f 207/210/207 205/208/205 208/211/208
f 205/208/205 206/209/206 209/212/209
f 205/208/205 209/212/209 208/211/208
f 204/207/204 210/213/210 206/209/206
f 206/209/206 210/213/210 211/214/211
f 206/209/206 211/214/211 209/212/209
f 133/206/133 212/215/212 204/207/204
f 204/207/204 212/215/212 210/213/210
f 133/206/133 131/216/131 212/215/212
f 131/216/131 213/217/213 212/215/212
f 212/215/212 213/217/213 214/218/214
f 212/215/212 214/218/214 210/213/210
f 210/213/210 214/218/214 215/219/215
f 210/213/210 215/219/215 211/214/211
f 209/212/209 211/214/211 216/220/216
f 211/214/211 215/219/215 217/221/217
f 211/214/211 217/221/217 216/220/216
f 214/218/214 218/222/218 215/219/215
f 215/219/215 218/222/218 219/223/219
f 215/219/215 219/223/219 217/221/217
f 213/217/213 220/224/220 214/218/214
f 214/218/214 220/224/220 218/222/218
f 220/224/220 221/225/221 218/222/218
f 218/222/218 221/225/221 222/226/222
f 218/222/218 222/226/222 219/223/219
f 217/221/217 219/223/219 223/227/223
f 219/223/219 222/226/222 224/228/224
f 219/223/219 224/228/224 223/227/223
f 221/225/221 225/229/225 222/226/222
f 222/226/222 225/229/225 226/230/226
f 222/226/222 226/230/226 224/228/224
f 220/224/220 227/231/227 221/225/221
f 227/231/227 228/232/228 221/225/221
f 221/225/221 228/232/228 225/229/225
f 228/232/228 229/233/229 225/229/225
f 225/229/225 229/233/229 230/234/230
f 225/229/225 230/234/230 226/230/226
f 224/228/224 226/230/226 231/235/231
f 226/230/226 230/234/230 232/236/232
f 226/230/226 232/236/232 231/235/231
f 229/233/229 233/237/233 230/234/230
f 230/234/230 233/237/233 234/238/234
f 230/234/230 234/238/234 232/236/232
f 228/232/228 235/239/235 229/233/229
f 235/239/235 236/240/236 229/233/229
f 229/233/229 236/240/236 233/237/233
f 236/240/236 237/241/237 233/237/233
f 233/237/233 237/241/237 238/242/238
f 233/237/233 238/242/238 234/238/234
f 232/236/232 234/238/234 239/243/239
f 234/238/234 238/242/238 240/244/240
f 234/238/234 240/244/240 239/243/239
f 237/241/237 241/245/241 238/242/238
f 238/242/238 241/245/241 242/246/242
f 238/242/238 242/246/242 240/244/240
f 236/240/236 243/247/243 237/241/237
f 243/247/243 244/248/244 237/241/237
f 237/241/237 244/248/244 241/245/241
f 244/248/244 245/249/245 241/245/241
f 241/245/241 245/249/245 246/250/246
f 241/245/241 246/250/246 242/246/242
f 240/244/240 242/246/242 247/251/247
f 242/246/242 246/250/246 248/252/248
f 242/246/242 248/252/248 247/251/247
f 245/249/245 249/253/249 246/250/246
f 246/250/246 249/253/249 250/254/250
f 246/250/246 250/254/250 248/252/248
f 244/248/244 251/255/251 245/249/245
f 251/255/251 252/256/252 245/249/245
f 245/249/245 252/256/252 249/253/249
f 252/256/252 253/257/253 249/253/249
f 249/253/249 253/257/253 254/258/254
f 249/253/249 254/258/254 250/254/250
f 248/252/248 250/254/250 255/259/255
f 250/254/250 254/258/254 256/260/256
f 250/254/250 256/260/256 255/259/255
f 253/257/253 257/261/257 254/258/254
f 254/258/254 257/261/257 258/262/258
f 254/258/254 258/262/258 256/260/256
f 252/256/252 259/263/259 253/257/253
f 259/263/259 260/264/260 253/257/253
f 253/257/253 260/264/260 257/261/257
f 260/264/260 261/265/261 257/261/257
f 257/261/257 261/265/261 262/266/262
f 257/261/257 262/266/262 258/262/258
f 256/260/256 258/262/258 263/267/263
f 258/262/258 262/266/262 264/268/264
f 258/262/258 264/268/264 263/267/263
f 261/265/261 265/269/265 262/266/262
f 262/266/262 265/269/265 266/270/266
f 262/266/262 266/270/266 264/268/264
f 260/264/260 267/271/267 261/265/261
f 267/271/267 268/272/268 261/265/261
f 261/265/261 268/272/268 265/269/265
f 268/272/268 269/273/269 265/269/265
f 265/269/265 269/273/269 270/274/270
f 265/269/265 270/274/270 266/270/266
f 264/268/264 266/270/266 271/275/271
f 266/270/266 270/274/270 272/276/272
f 266/270/266 272/276/272 271/275/271
f 269/273/269 273/277/273 270/274/270
f 270/274/270 273/277/273 274/278/274
f 270/274/270 274/278/274 272/276/272
f 268/272/268 275/279/275 269/273/269
f 275/279/275 276/280/276 269/273/269
f 269/273/269 276/280/276 273/277/273
f 276/280/276 277/281/277 273/277/273
f 273/277/273 277/281/277 278/282/278
f 273/277/273 278/282/278 274/278/274
f 272/276/272 274/278/274 279/283/279
f 274/278/274 278/282/278 280/284/280
f 274/278/274 280/284/280 279/283/279
f 272/276/272 279/283/279 281/285/281
f 281/285/281 279/283/279 282/286/282
f 279/283/279 280/284/280 283/287/283
f 279/283/279 283/287/283 282/286/282
f 271/275/271 272/276/272 281/285/281
f 271/275/271 281/285/281 284/288/284
f 284/288/284 281/285/281 285/289/285
f 281/285/281 282/286/282 285/289/285
f 285/289/285 282/286/282 286/290/286
f 282/286/282 283/287/283 287/291/287
f 282/286/282 287/291/287 286/290/286
f 284/288/284 285/289/285 288/292/288
f 288/292/288 285/289/285 289/293/289
f 285/289/285 286/290/286 289/293/289
f 290/294/290 271/275/271 284/288/284
f 290/294/290 284/288/284 291/295/291
f 291/295/291 284/288/284 288/292/288
f 264/268/264 271/275/271 290/294/290
f 263/267/263 264/268/264 290/294/290
f 263/267/263 290/294/290 292/296/292
f 292/296/292 290/294/290 291/295/291
f 292/296/292 291/295/291 293/297/293
f 293/297/293 291/295/291 294/298/294
f 291/295/291 288/292/288 294/298/294
f 295/299/295 263/267/263 292/296/292
f 295/299/295 292/296/292 296/300/296
f 296/300/296 292/296/292 293/297/293
f 256/260/256 263/267/263 295/299/295
f 255/259/255 256/260/256 295/299/295
f 255/259/255 295/299/295 297/301/297
f 297/301/297 295/299/295 296/300/296
f 297/301/297 296/300/296 298/302/298
f 298/302/298 296/300/296 299/303/299
f 296/300/296 293/297/293 299/303/299
f 300/304/300 255/259/255 297/301/297
f 300/304/300 297/301/297 301/305/301
f 301/305/301 297/301/297 298/302/298
f 248/252/248 255/259/255 300/304/300
f 247/251/247 248/252/248 300/304/300
f 247/251/247 300/304/300 302/306/302
f 302/306/302 300/304/300 301/305/301
f 302/306/302 301/305/301 303/307/303
f 303/307/303 301/305/301 304/308/304
f 301/305/301 298/302/298 304/308/304
f 305/309/305 247/251/247 302/306/302
f 305/309/305 302/306/302 306/310/306
f 306/310/306 302/306/302 303/307/303
f 240/244/240 247/251/247 305/309/305
f 239/243/239 240/244/240 305/309/305
f 239/243/239 305/309/305 307/311/307
f 307/311/307 305/309/305 306/310/306
f 307/311/307 306/310/306 308/312/308
f 308/312/308 306/310/306 309/313/309
f 306/310/306 303/307/303 309/313/309
f 310/314/310 239/243/239 307/311/307
f 310/314/310 307/311/307 311/315/311
f 311/315/311 307/311/307 308/312/308
f 232/236/232 239/243/239 310/314/310
f 231/235/231 232/236/232 310/314/310
f 231/235/231 310/314/310 312/316/312
f 312/316/312 310/314/310 311/315/311
f 312/316/312 311/315/311 313/317/313
f 313/317/313 311/315/311 314/318/314
f 311/315/311 308/312/308 314/318/314
f 315/319/315 231/235/231 312/316/312
f 315/319/315 312/316/312 316/320/316
f 316/320/316 312/316/312 313/317/313
f 224/228/224 231/235/231 315/319/315
f 223/227/223 224/228/224 315/319/315
f 223/227/223 315/319/315 317/321/317
f 317/321/317 315/319/315 316/320/316
f 317/321/317 316/320/316 318/322/318
f 318/322/318 316/320/316 319/323/319
f 316/320/316 313/317/313 319/323/319
f 320/324/320 223/227/223 317/321/317
f 320/324/320 317/321/317 321/325/321
f 321/325/321 317/321/317 318/322/318
f 217/221/217 223/227/223 320/324/320
f 216/220/216 217/221/217 320/324/320
f 216/220/216 320/324/320 322/326/322
f 322/326/322 320/324/320 321/325/321
f 322/326/322 321/325/321 323/327/323
f 323/327/323 321/325/321 324/328/324
f 321/325/321 318/322/318 324/328/324
f 325/329/325 216/220/216 322/326/322
f 325/329/325 322/326/322 326/330/326
f 326/330/326 322/326/322 323/327/323
f 209/212/209 216/220/216 325/329/325
f 208/211/208 209/212/209 325/329/325
f 208/211/208 325/329/325 327/331/327
f 327/331/327 325/329/325 326/330/326
f 327/331/327 326/330/326 328/332/328
f 328/332/328 326/330/326 329/333/329
f 326/330/326 323/327/323 329/333/329
f 330/334/330 208/211/208 327/331/327
f 330/334/330 327/331/327 331/335/331
f 331/335/331 327/331/327 328/332/328
f 207/210/207 208/211/208 330/334/330
f 331/335/331 328/332/328 332/336/332
f 332/336/332 328/332/328 333/337/333
f 328/332/328 329/333/329 333/337/333
f 333/337/333 329/333/329 334/338/334
f 329/333/329 323/327/323 335/339/335
f 329/333/329 335/339/335 334/338/334
f 332/336/332 333/337/333 336/340/336
f 336/340/336 333/337/333 337/341/337
f 333/337/333 334/338/334 337/341/337
f 337/341/337 334/338/334 338/342/338
f 334/338/334 335/339/335 339/343/339
f 334/338/334 339/343/339 338/342/338
f 323/327/323 324/328/324 335/339/335
f 335/339/335 324/328/324 340/344/340
f 335/339/335 340/344/340 339/343/339
f 338/342/338 339/343/339 341/345/341
f 339/343/339 340/344/340 342/346/342
f 339/343/339 342/346/342 341/345/341
f 337/341/337 338/342/338 343/347/343
f 343/347/343 338/342/338 344/348/344
f 338/342/338 341/345/341 344/348/344
f 344/348/344 341/345/341 345/349/345
f 341/345/341 342/346/342 346/350/346
f 341/345/341 346/350/346 345/349/345
f 340/344/340 347/351/347 342/346/342
f 342/346/342 347/351/347 348/352/348
f 342/346/342 348/352/348 346/350/346
f 345/349/345 346/350/346 349/353/349
f 346/350/346 348/352/348 350/354/350
f 346/350/346 350/354/350 349/353/349
f 344/348/344 345/349/345 351/355/351
f 351/355/351 345/349/345 352/356/352
f 345/349/345 349/353/349 352/356/352
f 352/356/352 349/353/349 353/357/353
f 349/353/349 350/354/350 354/358/354
f 349/353/349 354/358/354 353/357/353
f 348/352/348 355/359/355 350/354/350
f 350/354/350 355/359/355 356/360/356
f 350/354/350 356/360/356 354/358/354
f 353/357/353 354/358/354 357/361/357
f 354/358/354 356/360/356 358/362/358
f 354/358/354 358/362/358 357/361/357
f 352/356/352 353/357/353 359/363/359
f 359/363/359 353/357/353 360/364/360
f 353/357/353 357/361/357 360/364/360
f 360/364/360 357/361/357 361/365/361
f 357/361/357 358/362/358 362/366/362
f 357/361/357 362/366/362 361/365/361
f 356/360/356 363/367/363 358/362/358
f 358/362/358 363/367/363 364/368/364
f 358/362/358 364/368/364 362/366/362
f 361/365/361 362/366/362 365/369/365
f 362/366/362 364/368/364 366/370/366
f 362/366/362 366/370/366 365/369/365
f 360/364/360 361/365/361 367/371/367
f 367/371/367 361/365/361 368/372/368
f 361/365/361 365/369/365 368/372/368
f 368/372/368 365/369/365 369/373/369
f 365/369/365 366/370/366 370/374/370
f 365/369/365 370/374/370 369/373/369
f 364/368/364 371/375/371 366/370/366
f 366/370/366 371/375/371 372/376/372
f 366/370/366 372/376/372 370/374/370
f 369/373/369 370/374/370 373/377/373
f 370/374/370 372/376/372 374/378/374
f 370/374/370 374/378/374 373/377/373
f 368/372/368 369/373/369 375/379/375
f 375/379/375 369/373/369 376/380/376
f 369/373/369 373/377/373 376/380/376
f 376/380/376 373/377/373 377/381/377
f 373/377/373 374/378/374 378/382/378
f 373/377/373 378/382/378 377/381/377
f 372/376/372 379/383/379 374/378/374
f 374/378/374 379/383/379 380/384/380
f 374/378/374 380/384/380 378/382/378
f 377/381/377 378/382/378 381/385/381
f 378/382/378 380/384/380 382/386/382
f 378/382/378 382/386/382 381/385/381
f 376/380/376 377/381/377 383/387/383
f 383/387/383 377/381/377 384/388/384
f 377/381/377 381/385/381 384/388/384
f 384/388/384 381/385/381 385/389/385
f 381/385/381 382/386/382 386/390/386
f 381/385/381 386/390/386 385/389/385
f 380/384/380 387/391/387 382/386/382
f 382/386/382 387/391/387 388/392/388
f 382/386/382 388/392/388 386/390/386
f 380/384/380 389/393/389 387/391/387
f 389/393/389 390/394/390 387/391/387
f 387/391/387 390/394/390 391/395/391
f 387/391/387 391/395/391 388/392/388
f 379/383/379 392/396/392 389/393/389
f 379/383/379 389/393/389 380/384/380
f 392/396/392 393/397/393 389/393/389
f 389/393/389 393/397/393 390/394/390
f 393/397/393 394/398/394 390/394/390
f 390/394/390 394/398/394 395/399/395
f 390/394/390 395/399/395 391/395/391
f 392/396/392 396/400/396 393/397/393
f 396/400/396 397/401/397 393/397/393
f 393/397/393 397/401/397 394/398/394
f 397/401/397 398/402/398 394/398/394
f 394/398/394 398/402/398 399/403/399
f 394/398/394 399/403/399 395/399/395
f 397/401/397 400/404/400 398/402/398
f 400/404/400 401/405/401 398/402/398
f 398/402/398 401/405/401 402/406/402
f 398/402/398 402/406/402 399/403/399
f 403/407/403 404/408/404 400/404/400
f 403/407/403 400/404/400 397/401/397
f 404/408/404 405/409/405 400/404/400
f 400/404/400 405/409/405 401/405/401
f 396/400/396 403/407/403 397/401/397
f 406/410/406 407/411/407 403/407/403
f 406/410/406 403/407/403 396/400/396
f 407/411/407 404/408/404 403/407/403
f 407/411/407 408/412/408 404/408/404
f 408/412/408 409/413/409 404/408/404
f 404/408/404 409/413/409 405/409/405
f 409/413/409 410/414/410 405/409/405
f 405/409/405 410/414/410 411/415/411
f 405/409/405 411/415/411 401/405/401
f 408/412/408 412/416/412 409/413/409
f 412/416/412 413/417/413 409/413/409
f 409/413/409 413/417/413 410/414/410
f 414/418/414 415/419/415 408/412/408
f 414/418/414 408/412/408 407/411/407
f 415/419/415 412/416/412 408/412/408
f 415/419/415 416/420/416 412/416/412
f 416/420/416 417/421/417 412/416/412
f 412/416/412 417/421/417 413/417/413
f 417/421/417 418/422/418 413/417/413
f 413/417/413 418/422/418 419/423/419
f 413/417/413 419/423/419 410/414/410
f 416/420/416 420/424/420 417/421/417
f 420/424/420 421/425/421 417/421/417
f 417/421/417 421/425/421 418/422/418
f 422/426/422 423/427/423 416/420/416
f 422/426/422 416/420/416 415/419/415
f 423/427/423 420/424/420 416/420/416
f 423/427/423 424/428/424 420/424/420
f 424/428/424 425/429/425 420/424/420
f 420/424/420 425/429/425 421/425/421
f 425/429/425 426/430/426 421/425/421
f 421/425/421 426/430/426 427/431/427
f 421/425/421 427/431/427 418/422/418
f 424/428/424 428/432/428 425/429/425
f 428/432/428 429/433/429 425/429/425
f 425/429/425 429/433/429 426/430/426
f 430/434/430 431/435/431 424/428/424
f 430/434/430 424/428/424 423/427/423
f 431/435/431 428/432/428 424/428/424
f 431/435/431 294/298/294 428/432/428
f 294/298/294 432/436/432 428/432/428
f 428/432/428 432/436/432 429/433/429
f 432/436/432 433/437/433 429/433/429
f 429/433/429 433/437/433 434/438/434
f 429/433/429 434/438/434 426/430/426
f 294/298/294 288/292/288 432/436/432
f 288/292/288 289/293/289 432/436/432
f 432/436/432 289/293/289 433/437/433
f 293/297/293 294/298/294 431/435/431
f 299/303/299 293/297/293 431/435/431
f 299/303/299 431/435/431 430/434/430
f 298/302/298 299/303/299 435/439/435
f 435/439/435 299/303/299 430/434/430
f 304/308/304 298/302/298 435/439/435
f 304/308/304 435/439/435 436/440/436
f 436/440/436 435/439/435 437/441/437
f 435/439/435 430/434/430 437/441/437
f 303/307/303 304/308/304 438/442/438
f 438/442/438 304/308/304 436/440/436
f 438/442/438 436/440/436 439/443/439
f 439/443/439 436/440/436 440/444/440
f 436/440/436 437/441/437 440/444/440
f 440/444/440 437/441/437 422/426/422
f 437/441/437 430/434/430 423/427/423
f 437/441/437 423/427/423 422/426/422
f 439/443/439 440/444/440 441/445/441
f 441/445/441 440/444/440 442/446/442
f 440/444/440 422/426/422 442/446/442
f 443/447/443 438/442/438 439/443/439
f 443/447/443 439/443/439 444/448/444
f 444/448/444 439/443/439 441/445/441
f 444/448/444 441/445/441 445/449/445
f 445/449/445 441/445/441 446/450/446
f 441/445/441 442/446/442 446/450/446
f 446/450/446 442/446/442 414/418/414
f 442/446/442 422/426/422 415/419/415
f 442/446/442 415/419/415 414/418/414
f 445/449/445 446/450/446 447/451/447
f 447/451/447 446/450/446 448/452/448
f 446/450/446 414/418/414 448/452/448
f 449/453/449 444/448/444 445/449/445
f 449/453/449 445/449/445 450/454/450
f 450/454/450 445/449/445 447/451/447
f 450/454/450 447/451/447 451/455/451
f 451/455/451 447/451/447 452/456/452
f 447/451/447 448/452/448 452/456/452
f 452/456/452 448/452/448 406/410/406
f 448/452/448 414/418/414 407/411/407
f 448/452/448 407/411/407 406/410/406
f 451/455/451 452/456/452 453/457/453
f 453/457/453 452/456/452 454/458/454
f 452/456/452 406/410/406 454/458/454
f 455/459/455 450/454/450 451/455/451
f 455/459/455 451/455/451 456/460/456
f 456/460/456 451/455/451 453/457/453
f 456/460/456 453/457/453 371/375/371
f 371/375/371 453/457/453 457/461/457
f 453/457/453 454/458/454 457/461/457
f 457/461/457 454/458/454 392/396/392
f 454/458/454 406/410/406 396/400/396
f 454/458/454 396/400/396 392/396/392
f 371/375/371 457/461/457 372/376/372
f 372/376/372 457/461/457 379/383/379
f 457/461/457 392/396/392 379/383/379
f 364/368/364 456/460/456 371/375/371
f 363/367/363 455/459/455 456/460/456
f 363/367/363 456/460/456 364/368/364
f 356/360/356 458/462/458 363/367/363
f 458/462/458 455/459/455 363/367/363
f 355/359/355 458/462/458 356/360/356
f 355/359/355 459/463/459 458/462/458
f 459/463/459 460/464/460 458/462/458
f 458/462/458 460/464/460 455/459/455
f 348/352/348 461/465/461 355/359/355
f 461/465/461 459/463/459 355/359/355
f 461/465/461 462/466/462 459/463/459
f 462/466/462 463/467/463 459/463/459
f 459/463/459 463/467/463 460/464/460
f 463/467/463 449/453/449 460/464/460
f 460/464/460 449/453/449 450/454/450
f 460/464/460 450/454/450 455/459/455
f 462/466/462 464/468/464 463/467/463
f 464/468/464 465/469/465 463/467/463
f 463/467/463 465/469/465 449/453/449
f 466/470/466 467/471/467 462/466/462
f 466/470/466 462/466/462 461/465/461
f 467/471/467 464/468/464 462/466/462
f 467/471/467 314/318/314 464/468/464
f 314/318/314 468/472/468 464/468/464
f 464/468/464 468/472/468 465/469/465
f 468/472/468 443/447/443 465/469/465
f 465/469/465 443/447/443 444/448/444
f 465/469/465 444/448/444 449/453/449
f 314/318/314 308/312/308 468/472/468
f 308/312/308 309/313/309 468/472/468
f 468/472/468 309/313/309 443/447/443
f 313/317/313 314/318/314 467/471/467
f 319/323/319 313/317/313 467/471/467
f 319/323/319 467/471/467 466/470/466
f 318/322/318 319/323/319 469/473/469
f 469/473/469 319/323/319 466/470/466
f 324/328/324 318/322/318 469/473/469
f 324/328/324 469/473/469 340/344/340
f 340/344/340 469/473/469 347/351/347
f 469/473/469 466/470/466 347/351/347
f 347/351/347 466/470/466 461/465/461
f 347/351/347 461/465/461 348/352/348
f 309/313/309 438/442/438 443/447/443
f 309/313/309 303/307/303 438/442/438
f 289/293/289 470/474/470 433/437/433
f 433/437/433 470/474/470 471/475/471
f 433/437/433 471/475/471 434/438/434
f 289/293/289 286/290/286 470/474/470
f 286/290/286 472/476/472 470/474/470
f 470/474/470 472/476/472 473/477/473
f 470/474/470 473/477/473 471/475/471
f 434/438/434 471/475/471 474/478/474
f 471/475/471 473/477/473 475/479/475
f 471/475/471 475/479/475 474/478/474
f 426/430/426 434/438/434 476/480/476
f 434/438/434 474/478/474 476/480/476
f 476/480/476 474/478/474 477/481/477
f 474/478/474 475/479/475 478/482/478
f 474/478/474 478/482/478 477/481/477
f 426/430/426 476/480/476 427/431/427
f 427/431/427 476/480/476 479/483/479
f 476/480/476 477/481/477 479/483/479
f 479/483/479 477/481/477 480/484/480
f 477/481/477 478/482/478 481/485/481
f 477/481/477 481/485/481 480/484/480
f 427/431/427 479/483/479 482/486/482
f 482/486/482 479/483/479 483/487/483
f 479/483/479 480/484/480 483/487/483
f 418/422/418 427/431/427 482/486/482
f 418/422/418 482/486/482 419/423/419
f 419/423/419 482/486/482 484/488/484
f 482/486/482 483/487/483 484/488/484
f 484/488/484 483/487/483 485/489/485
f 483/487/483 480/484/480 486/490/486
f 483/487/483 486/490/486 485/489/485
f 419/423/419 484/488/484 487/491/487
f 487/491/487 484/488/484 488/492/488
f 484/488/484 485/489/485 488/492/488
f 410/414/410 419/423/419 487/491/487
f 410/414/410 487/491/487 411/415/411
f 411/415/411 487/491/487 489/493/489
f 487/491/487 488/492/488 489/493/489
f 401/405/401 411/415/411 490/494/490
f 411/415/411 489/493/489 490/494/490
f 401/405/401 490/494/490 402/406/402
f 480/484/480 491/495/491 486/490/486
f 480/484/480 481/485/481 491/495/491
f 286/290/286 287/291/287 472/476/472
f 384/388/384 385/389/385 492/496/492
f 383/387/383 384/388/384 493/497/493
f 493/497/493 384/388/384 492/496/492
f 493/497/493 492/496/492 494/498/494
f 495/499/495 383/387/383 493/497/493
f 495/499/495 493/497/493 496/500/496
f 496/500/496 493/497/493 494/498/494
f 497/501/497 376/380/376 383/387/383
f 497/501/497 383/387/383 495/499/495
f 498/502/498 497/501/497 495/499/495
f 498/502/498 495/499/495 499/503/499
f 499/503/499 495/499/495 496/500/496
f 499/503/499 496/500/496 500/504/500
f 500/504/500 496/500/496 501/505/501
f 496/500/496 494/498/494 501/505/501
f 502/506/502 498/502/498 499/503/499
f 502/506/502 499/503/499 503/507/503
f 503/507/503 499/503/499 500/504/500
f 504/508/504 505/509/505 498/502/498
f 504/508/504 498/502/498 502/506/502
f 505/509/505 497/501/497 498/502/498
f 506/510/506 504/508/504 502/506/502
f 506/510/506 502/506/502 507/511/507
f 507/511/507 502/506/502 503/507/503
f 507/511/507 503/507/503 508/512/508
f 508/512/508 503/507/503 509/513/509
f 503/507/503 500/504/500 509/513/509
f 510/514/510 506/510/506 507/511/507
f 510/514/510 507/511/507 511/515/511
f 511/515/511 507/511/507 508/512/508
f 511/515/511 508/512/508 512/516/512
f 512/516/512 508/512/508 513/517/513
f 508/512/508 509/513/509 513/517/513
f 475/518/475 511/515/511 512/516/512
f 475/518/475 512/516/512 478/519/478
f 478/519/478 512/516/512 514/520/514
f 473/521/473 510/514/510 511/515/511
f 473/521/473 511/515/511 475/518/475
f 472/522/472 510/514/510 473/521/473
f 287/523/287 515/524/515 472/522/472
f 472/522/472 515/524/515 510/514/510
f 283/525/283 516/526/516 287/523/287
f 287/523/287 516/526/516 515/524/515
f 516/526/516 517/527/517 515/524/515
f 515/524/515 517/527/517 506/510/506
f 515/524/515 506/510/506 510/514/510
f 283/525/283 518/528/518 516/526/516
f 518/528/518 519/529/519 516/526/516
f 516/526/516 519/529/519 517/527/517
f 280/530/280 518/528/518 283/525/283
f 280/530/280 520/531/520 518/528/518
f 520/531/520 521/532/521 518/528/518
f 518/528/518 521/532/521 519/529/519
f 521/532/521 522/533/522 519/529/519
f 519/529/519 522/533/522 523/534/523
f 519/529/519 523/534/523 517/527/517
f 520/531/520 524/535/524 521/532/521
f 524/535/524 525/536/525 521/532/521
f 521/532/521 525/536/525 522/533/522
f 278/537/278 526/538/526 520/531/520
f 278/537/278 520/531/520 280/530/280
f 526/538/526 524/535/524 520/531/520
f 526/538/526 527/539/527 524/535/524
f 527/539/527 359/363/359 524/535/524
f 524/535/524 359/363/359 525/536/525
f 359/363/359 360/364/360 525/536/525
f 525/536/525 360/364/360 367/371/367
f 525/536/525 367/371/367 522/533/522
f 527/539/527 352/356/352 359/363/359
f 528/540/528 351/355/351 527/539/527
f 528/540/528 527/539/527 526/538/526
f 351/355/351 352/356/352 527/539/527
f 277/541/277 528/540/528 526/538/526
f 277/541/277 526/538/526 278/537/278
f 529/542/529 530/543/530 528/540/528
f 529/542/529 528/540/528 277/541/277
f 530/543/530 351/355/351 528/540/528
f 530/543/530 344/348/344 351/355/351
f 531/544/531 343/347/343 530/543/530
f 531/544/531 530/543/530 529/542/529
f 343/347/343 344/348/344 530/543/530
f 532/545/532 343/347/343 531/544/531
f 532/545/532 337/341/337 343/347/343
f 336/340/336 337/341/337 532/545/532
f 522/533/522 367/371/367 533/546/533
f 522/533/522 533/546/533 523/534/523
f 367/371/367 368/372/368 533/546/533
f 523/534/523 533/546/533 505/509/505
f 533/546/533 368/372/368 375/379/375
f 533/546/533 375/379/375 505/509/505
f 517/527/517 523/534/523 504/508/504
f 523/534/523 505/509/505 504/508/504
f 505/509/505 375/379/375 497/501/497
f 375/379/375 376/380/376 497/501/497
f 517/527/517 504/508/504 506/510/506
f 478/519/478 514/520/514 481/547/481
f 512/516/512 513/517/513 514/520/514
f 481/547/481 514/520/514 534/548/534
f 514/520/514 513/517/513 535/549/535
f 514/520/514 535/549/535 534/548/534
f 481/547/481 534/548/534 491/550/491
f 513/517/513 536/551/536 535/549/535
f 513/517/513 509/513/509 536/551/536
f 509/513/509 537/552/537 536/551/536
f 509/513/509 500/504/500 537/552/537
f 500/504/500 501/505/501 537/552/537
f 276/280/276 529/553/529 277/281/277
f 275/279/275 538/554/538 276/280/276
f 538/554/538 529/553/529 276/280/276
f 538/554/538 531/555/531 529/553/529
f 539/556/539 540/557/540 538/554/538
f 539/556/539 538/554/538 275/279/275
f 540/557/540 531/555/531 538/554/538
f 541/558/541 539/556/539 275/279/275
f 541/558/541 275/279/275 268/272/268
f 542/559/542 543/560/543 539/556/539
f 542/559/542 539/556/539 541/558/541
f 543/560/543 540/557/540 539/556/539
f 543/560/543 544/561/544 540/557/540
f 544/561/544 532/562/532 540/557/540
f 540/557/540 532/562/532 531/555/531
f 545/563/545 546/564/546 543/560/543
f 545/563/545 543/560/543 542/559/542
f 546/564/546 544/561/544 543/560/543
f 547/565/547 545/563/545 542/559/542
f 547/565/547 542/559/542 548/566/548
f 548/566/548 542/559/542 541/558/541
f 549/567/549 550/568/550 545/563/545
f 549/567/549 545/563/545 547/565/547
f 550/568/550 546/564/546 545/563/545
f 550/568/550 551/569/551 546/564/546
f 551/569/551 552/570/552 546/564/546
f 546/564/546 552/570/552 544/561/544
f 553/571/553 554/572/554 550/568/550
f 553/571/553 550/568/550 549/567/549
f 554/572/554 551/569/551 550/568/550
f 555/573/555 553/571/553 549/567/549
f 555/573/555 549/567/549 556/574/556
f 556/574/556 549/567/549 547/565/547
f 557/575/557 558/576/558 553/571/553
f 557/575/557 553/571/553 555/573/555
f 558/576/558 554/572/554 553/571/553
f 558/576/558 559/577/559 554/572/554
f 559/577/559 560/578/560 554/572/554
f 554/572/554 560/578/560 551/569/551
f 561/579/561 562/580/562 558/576/558
f 561/579/561 558/576/558 557/575/557
f 562/580/562 559/577/559 558/576/558
f 563/581/563 561/579/561 557/575/557
f 563/581/563 557/575/557 564/582/564
f 564/582/564 557/575/557 555/573/555
f 60/583/60 64/584/64 561/579/561
f 60/583/60 561/579/561 563/581/563
f 64/584/64 562/580/562 561/579/561
f 64/584/64 151/585/151 562/580/562
f 151/585/151 565/586/565 562/580/562
f 562/580/562 565/586/565 559/577/559
f 151/585/151 150/587/150 565/586/565
f 150/587/150 566/588/566 565/586/565
f 565/586/565 566/588/566 567/589/567
f 565/586/565 567/589/567 559/577/559
f 150/587/150 149/590/149 566/588/566
f 149/590/149 568/591/568 566/588/566
f 566/588/566 568/591/568 569/592/569
f 566/588/566 569/592/569 567/589/567
f 559/577/559 567/589/567 560/578/560
f 567/589/567 569/592/569 570/593/570
f 567/589/567 570/593/570 560/578/560
f 568/591/568 207/594/207 569/592/569
f 569/592/569 207/594/207 330/595/330
f 569/592/569 330/595/330 570/593/570
f 149/590/149 146/596/146 568/591/568
f 146/596/146 203/597/203 568/591/568
f 568/591/568 203/597/203 207/594/207
f 146/596/146 139/598/139 203/597/203
f 560/578/560 570/593/570 571/599/571
f 570/593/570 330/595/330 331/600/331
f 570/593/570 331/600/331 571/599/571
f 560/578/560 571/599/571 551/569/551
f 551/569/551 571/599/571 552/570/552
f 571/599/571 331/600/331 332/601/332
f 571/599/571 332/601/332 552/570/552
f 552/570/552 332/601/332 336/602/336
f 552/570/552 336/602/336 544/561/544
f 544/561/544 336/602/336 532/562/532
f 564/582/564 555/573/555 572/603/572
f 572/603/572 555/573/555 556/574/556
f 573/604/573 563/581/563 564/582/564
f 573/604/573 564/582/564 574/605/574
f 574/605/574 564/582/564 572/603/572
f 574/605/574 572/603/572 575/606/575
f 575/606/575 572/603/572 576/607/576
f 572/603/572 556/574/556 576/607/576
f 576/607/576 556/574/556 577/608/577
f 556/574/556 547/565/547 577/608/577
f 575/606/575 576/607/576 578/609/578
f 578/609/578 576/607/576 579/610/579
f 576/607/576 577/608/577 579/610/579
f 580/611/580 574/605/574 575/606/575
f 580/611/580 575/606/575 581/612/581
f 581/612/581 575/606/575 578/609/578
f 581/612/581 578/609/578 582/613/582
f 582/613/582 578/609/578 583/614/583
f 578/609/578 579/610/579 583/614/583
f 583/614/583 579/610/579 259/263/259
f 579/610/579 577/608/577 584/615/584
f 579/610/579 584/615/584 259/263/259
f 582/613/582 583/614/583 251/255/251
f 251/255/251 583/614/583 252/256/252
f 583/614/583 259/263/259 252/256/252
f 585/616/585 581/612/581 582/613/582
f 585/616/585 582/613/582 586/617/586
f 586/617/586 582/613/582 251/255/251
f 586/617/586 251/255/251 244/248/244
f 587/618/587 585/616/585 586/617/586
f 587/618/587 586/617/586 243/247/243
f 243/247/243 586/617/586 244/248/244
f 588/619/588 589/620/589 585/616/585
f 588/619/588 585/616/585 587/618/587
f 589/620/589 581/612/581 585/616/585
f 590/621/590 588/619/588 587/618/587
f 590/621/590 587/618/587 591/622/591
f 591/622/591 587/618/587 243/247/243
f 591/622/591 243/247/243 236/240/236
f 592/623/592 590/621/590 591/622/591
f 592/623/592 591/622/591 235/239/235
f 235/239/235 591/622/591 236/240/236
f 593/624/593 594/625/594 590/621/590
f 593/624/593 590/621/590 592/623/592
f 594/625/594 588/619/588 590/621/590
f 595/626/595 593/624/593 592/623/592
f 595/626/595 592/623/592 596/627/596
f 596/627/596 592/623/592 235/239/235
f 596/627/596 235/239/235 228/232/228
f 597/628/597 595/626/595 596/627/596
f 597/628/597 596/627/596 227/231/227
f 227/231/227 596/627/596 228/232/228
f 153/629/153 164/630/164 595/626/595
f 153/629/153 595/626/595 597/628/597
f 164/630/164 593/624/593 595/626/595
f 130/631/130 153/629/153 597/628/597
f 130/631/130 597/628/597 598/632/598
f 598/632/598 597/628/597 227/231/227
f 598/632/598 227/231/227 220/224/220
f 129/633/129 130/631/130 598/632/598
f 129/633/129 598/632/598 213/217/213
f 213/217/213 598/632/598 220/224/220
f 131/216/131 129/633/129 213/217/213
f 164/630/164 165/634/165 593/624/593
f 165/634/165 594/625/594 593/624/593
f 165/634/165 166/635/166 594/625/594
f 166/635/166 599/636/599 594/625/594
f 594/625/594 599/636/599 588/619/588
f 166/635/166 168/60/168 599/636/599
f 168/60/168 600/637/600 599/636/599
f 599/636/599 600/637/600 589/620/589
f 599/636/599 589/620/589 588/619/588
f 168/60/168 54/638/54 600/637/600
f 54/638/54 601/639/601 600/637/600
f 600/637/600 601/639/601 580/611/580
f 600/637/600 580/611/580 589/620/589
f 589/620/589 580/611/580 581/612/581
f 601/639/601 574/605/574 580/611/580
f 54/638/54 55/640/55 601/639/601
f 55/640/55 573/604/573 601/639/601
f 601/639/601 573/604/573 574/605/574
f 55/640/55 57/641/57 573/604/573
f 57/641/57 563/581/563 573/604/573
f 57/641/57 60/583/60 563/581/563
f 259/263/259 584/615/584 260/264/260
f 577/608/577 548/566/548 584/615/584
f 584/615/584 548/566/548 267/271/267
f 584/615/584 267/271/267 260/264/260
f 577/608/577 547/565/547 548/566/548
f 548/566/548 541/558/541 267/271/267
f 267/271/267 541/558/541 268/272/268
f 491/642/491 534/643/534 602/644/602
f 491/642/491 602/644/602 603/645/603
f 486/646/486 491/642/491 603/645/603
f 534/643/534 535/647/535 604/648/604
f 534/643/534 604/648/604 602/644/602
f 603/645/603 602/644/602 605/649/605
f 486/646/486 603/645/603 606/650/606
f 603/645/603 605/649/605 607/651/607
f 606/650/606 603/645/603 607/651/607
f 485/652/485 486/646/486 606/650/606
f 485/652/485 606/650/606 608/653/608
f 608/653/608 606/650/606 609/654/609
f 606/650/606 607/651/607 609/654/609
f 607/651/607 605/649/605 610/655/610
f 607/651/607 610/655/610 611/656/611
f 609/654/609 607/651/607 611/656/611
f 608/653/608 609/654/609 612/657/612
f 612/657/612 609/654/609 613/658/613
f 609/654/609 611/656/611 613/658/613
f 488/659/488 485/652/485 608/653/608
f 488/659/488 608/653/608 614/660/614
f 614/660/614 608/653/608 612/657/612
f 614/660/614 612/657/612 615/661/615
f 615/661/615 612/657/612 616/662/616
f 612/657/612 613/658/613 616/662/616
f 616/662/616 613/658/613 617/663/617
f 613/658/613 611/656/611 618/664/618
f 613/658/613 618/664/618 617/663/617
f 615/661/615 616/662/616 619/665/619
f 619/665/619 616/662/616 620/666/620
f 616/662/616 617/663/617 620/666/620
f 621/667/621 614/660/614 615/661/615
f 621/667/621 615/661/615 622/668/622
f 622/668/622 615/661/615 619/665/619
f 622/668/622 619/665/619 623/669/623
f 623/669/623 619/665/619 624/670/624
f 619/665/619 620/666/620 624/670/624
f 624/670/624 620/666/620 625/671/625
f 620/666/620 617/663/617 626/672/626
f 620/666/620 626/672/626 625/671/625
f 623/669/623 624/670/624 627/673/627
f 627/673/627 624/670/624 628/674/628
f 624/670/624 625/671/625 628/674/628
f 629/675/629 622/668/622 623/669/623
f 629/675/629 623/669/623 630/676/630
f 630/676/630 623/669/623 627/673/627
f 630/676/630 627/673/627 631/677/631
f 631/677/631 627/673/627 632/678/632
f 627/673/627 628/674/628 632/678/632
f 632/678/632 628/674/628 633/679/633
f 628/674/628 625/671/625 634/680/634
f 628/674/628 634/680/634 633/679/633
f 631/677/631 632/678/632 635/681/635
f 635/681/635 632/678/632 636/682/636
f 632/678/632 633/679/633 636/682/636
f 637/683/637 630/676/630 631/677/631
f 637/683/637 631/677/631 638/684/638
f 638/684/638 631/677/631 635/681/635
f 638/684/638 635/681/635 639/685/639
f 639/685/639 635/681/635 640/686/640
f 635/681/635 636/682/636 640/686/640
f 640/686/640 636/682/636 641/687/641
f 636/682/636 633/679/633 642/688/642
f 636/682/636 642/688/642 641/687/641
f 639/685/639 640/686/640 643/689/643
f 643/689/643 640/686/640 644/690/644
f 640/686/640 641/687/641 644/690/644
f 645/691/645 638/684/638 639/685/639
f 645/691/645 639/685/639 646/692/646
f 646/692/646 639/685/639 643/689/643
f 646/692/646 643/689/643 647/693/647
f 647/693/647 643/689/643 648/694/648
f 643/689/643 644/690/644 648/694/648
f 648/694/648 644/690/644 649/695/649
f 644/690/644 641/687/641 650/696/650
f 644/690/644 650/696/650 649/695/649
f 647/693/647 648/694/648 651/697/651
f 651/697/651 648/694/648 652/698/652
f 648/694/648 649/695/649 652/698/652
f 653/699/653 646/692/646 647/693/647
f 653/699/653 647/693/647 654/700/654
f 654/700/654 647/693/647 651/697/651
f 654/700/654 651/697/651 655/701/655
f 655/701/655 651/697/651 656/702/656
f 651/697/651 652/698/652 656/702/656
f 656/702/656 652/698/652 657/703/657
f 652/698/652 649/695/649 658/704/658
f 652/698/652 658/704/658 657/703/657
f 655/701/655 656/702/656 659/705/659
f 659/705/659 656/702/656 660/706/660
f 656/702/656 657/703/657 660/706/660
f 660/706/660 657/703/657 661/707/661
f 657/703/657 658/704/658 661/707/661
f 649/695/649 662/708/662 658/704/658
f 658/704/658 662/708/662 661/707/661
f 649/695/649 650/696/650 662/708/662
f 650/696/650 663/709/663 662/708/662
f 662/708/662 663/709/663 661/707/661
f 641/687/641 664/710/664 650/696/650
f 650/696/650 664/710/664 663/709/663
f 664/710/664 665/711/665 663/709/663
f 663/709/663 665/711/665 661/707/661
f 641/687/641 642/688/642 664/710/664
f 642/688/642 666/712/666 664/710/664
f 664/710/664 666/712/666 665/711/665
f 666/712/666 667/713/667 665/711/665
f 665/711/665 667/713/667 661/707/661
f 642/688/642 668/714/668 666/712/666
f 668/714/668 669/715/669 666/712/666
f 666/712/666 669/715/669 667/713/667
f 633/679/633 668/714/668 642/688/642
f 633/679/633 634/680/634 668/714/668
f 634/680/634 670/716/670 668/714/668
f 668/714/668 670/716/670 669/715/669
f 670/716/670 671/717/671 669/715/669
f 669/715/669 671/717/671 672/718/672
f 669/715/669 672/718/672 667/713/667
f 667/713/667 672/718/672 661/707/661
f 671/717/671 673/719/673 672/718/672
f 672/718/672 673/719/673 661/707/661
f 674/720/674 675/721/675 671/717/671
f 670/716/670 674/720/674 671/717/671
f 671/717/671 675/721/675 673/719/673
f 634/680/634 676/722/676 670/716/670
f 676/722/676 674/720/674 670/716/670
f 625/671/625 676/722/676 634/680/634
f 625/671/625 626/672/626 676/722/676
f 626/672/626 677/723/677 676/722/676
f 676/722/676 677/723/677 674/720/674
f 677/723/677 678/724/678 674/720/674
f 674/720/674 678/724/678 675/721/675
f 678/724/678 679/725/679 675/721/675
f 675/721/675 679/725/679 680/726/680
f 675/721/675 680/726/680 673/719/673
f 673/719/673 680/726/680 661/707/661
f 679/725/679 681/727/681 680/726/680
f 680/726/680 681/727/681 661/707/661
f 678/724/678 682/728/682 679/725/679
f 682/728/682 683/729/683 679/725/679
f 679/725/679 683/729/683 681/727/681
f 677/723/677 684/730/684 678/724/678
f 684/730/684 682/728/682 678/724/678
f 685/731/685 684/730/684 677/723/677
f 626/672/626 685/731/685 677/723/677
f 617/663/617 685/731/685 626/672/626
f 618/664/618 686/732/686 685/731/685
f 617/663/617 618/664/618 685/731/685
f 685/731/685 686/732/686 684/730/684
f 686/732/686 687/733/687 684/730/684
f 684/730/684 687/733/687 682/728/682
f 687/733/687 688/734/688 682/728/682
f 682/728/682 688/734/688 683/729/683
f 686/732/686 689/735/689 687/733/687
f 689/735/689 690/736/690 687/733/687
f 687/733/687 690/736/690 688/734/688
f 618/664/618 691/737/691 686/732/686
f 691/737/691 689/735/689 686/732/686
f 611/656/611 691/737/691 618/664/618
f 611/656/611 610/655/610 691/737/691
f 610/655/610 692/738/692 691/737/691
f 691/737/691 692/738/692 689/735/689
f 692/738/692 693/739/693 689/735/689
f 689/735/689 693/739/693 690/736/690
f 692/738/692 694/740/694 693/739/693
f 694/740/694 695/741/695 693/739/693
f 693/739/693 695/741/695 696/742/696
f 693/739/693 696/742/696 690/736/690
f 697/743/697 698/744/698 694/740/694
f 697/743/697 694/740/694 692/738/692
f 698/744/698 699/745/699 694/740/694
f 694/740/694 699/745/699 695/741/695
f 610/655/610 697/743/697 692/738/692
f 605/649/605 697/743/697 610/655/610
f 605/649/605 700/746/700 697/743/697
f 700/746/700 698/744/698 697/743/697
f 700/746/700 701/747/701 698/744/698
f 701/747/701 702/748/702 698/744/698
f 698/744/698 702/748/702 699/745/699
f 702/748/702 703/749/703 699/745/699
f 699/745/699 703/749/703 704/750/704
f 699/745/699 704/750/704 695/741/695
f 701/747/701 705/751/705 702/748/702
f 705/751/705 706/752/706 702/748/702
f 702/748/702 706/752/706 703/749/703
f 604/648/604 707/753/707 701/747/701
f 604/648/604 701/747/701 700/746/700
f 707/753/707 705/751/705 701/747/701
f 707/753/707 708/754/708 705/751/705
f 708/754/708 709/755/709 705/751/705
f 705/751/705 709/755/709 706/752/706
f 709/755/709 710/756/710 706/752/706
f 706/752/706 710/756/710 711/757/711
f 706/752/706 711/757/711 703/749/703
f 708/754/708 712/758/712 709/755/709
f 712/758/712 713/759/713 709/755/709
f 709/755/709 713/759/713 710/756/710
f 536/760/536 537/761/537 708/754/708
f 536/760/536 708/754/708 707/753/707
f 537/761/537 712/758/712 708/754/708
f 537/761/537 501/762/501 712/758/712
f 501/762/501 714/763/714 712/758/712
f 712/758/712 714/763/714 713/759/713
f 714/763/714 715/764/715 713/759/713
f 713/759/713 715/764/715 716/765/716
f 713/759/713 716/765/716 710/756/710
f 501/762/501 494/766/494 714/763/714
f 494/766/494 717/767/717 714/763/714
f 714/763/714 717/767/717 715/764/715
f 717/767/717 718/768/718 715/764/715
f 715/764/715 718/768/718 719/769/719
f 715/764/715 719/769/719 716/765/716
f 710/756/710 716/765/716 720/770/720
f 716/765/716 719/769/719 721/771/721
f 716/765/716 721/771/721 720/770/720
f 718/768/718 722/772/722 719/769/719
f 719/769/719 722/772/722 723/773/723
f 719/769/719 723/773/723 721/771/721
f 720/770/720 721/771/721 724/774/724
f 721/771/721 723/773/723 725/775/725
f 721/771/721 725/775/725 724/774/724
f 710/756/710 720/770/720 711/757/711
f 711/757/711 720/770/720 726/776/726
f 720/770/720 724/774/724 726/776/726
f 726/776/726 724/774/724 727/777/727
f 724/774/724 725/775/725 728/778/728
f 724/774/724 728/778/728 727/777/727
f 723/773/723 729/779/729 725/775/725
f 725/775/725 729/779/729 730/780/730
f 725/775/725 730/780/730 728/778/728
f 727/777/727 728/778/728 731/781/731
f 728/778/728 730/780/730 732/782/732
f 728/778/728 732/782/732 731/781/731
f 726/776/726 727/777/727 733/783/733
f 733/783/733 727/777/727 734/784/734
f 727/777/727 731/781/731 734/784/734
f 734/784/734 731/781/731 735/785/735
f 731/781/731 732/782/732 736/786/736
f 731/781/731 736/786/736 735/785/735
f 730/780/730 737/787/737 732/782/732
f 732/782/732 737/787/737 738/788/738
f 732/782/732 738/788/738 736/786/736
f 735/785/735 736/786/736 739/789/739
f 736/786/736 738/788/738 740/790/740
f 736/786/736 740/790/740 739/789/739
f 734/784/734 735/785/735 741/791/741
f 741/791/741 735/785/735 742/792/742
f 735/785/735 739/789/739 742/792/742
f 742/792/742 739/789/739 661/707/661
f 739/789/739 740/790/740 661/707/661
f 738/788/738 743/793/743 740/790/740
f 740/790/740 743/793/743 661/707/661
f 737/787/737 659/705/659 738/788/738
f 738/788/738 659/705/659 743/793/743
f 659/705/659 660/706/660 743/793/743
f 743/793/743 660/706/660 661/707/661
f 737/787/737 655/701/655 659/705/659
f 744/794/744 654/700/654 655/701/655
f 744/794/744 655/701/655 737/787/737
f 729/779/729 745/795/745 744/794/744
f 729/779/729 744/794/744 730/780/730
f 745/795/745 654/700/654 744/794/744
f 730/780/730 744/794/744 737/787/737
f 745/795/745 653/699/653 654/700/654
f 746/796/746 747/797/747 745/795/745
f 746/796/746 745/795/745 729/779/729
f 747/797/747 653/699/653 745/795/745
f 723/773/723 746/796/746 729/779/729
f 722/772/722 748/798/748 746/796/746
f 722/772/722 746/796/746 723/773/723
f 748/798/748 747/797/747 746/796/746
f 748/798/748 749/799/749 747/797/747
f 749/799/749 750/800/750 747/797/747
f 747/797/747 750/800/750 653/699/653
f 750/800/750 646/692/646 653/699/653
f 749/799/749 751/801/751 750/800/750
f 751/801/751 645/691/645 750/800/750
f 750/800/750 645/691/645 646/692/646
f 752/802/752 753/803/753 749/799/749
f 752/802/752 749/799/749 748/798/748
f 753/803/753 751/801/751 749/799/749
f 754/804/754 752/802/752 748/798/748
f 754/804/754 748/798/748 722/772/722
f 718/768/718 754/804/754 722/772/722
f 755/805/755 756/806/756 754/804/754
f 755/805/755 754/804/754 718/768/718
f 756/806/756 752/802/752 754/804/754
f 756/806/756 757/807/757 752/802/752
f 757/807/757 753/803/753 752/802/752
f 757/807/757 758/808/758 753/803/753
f 758/808/758 759/809/759 753/803/753
f 753/803/753 759/809/759 751/801/751
f 386/810/386 388/811/388 757/807/757
f 386/810/386 757/807/757 756/806/756
f 388/811/388 758/808/758 757/807/757
f 385/812/385 386/810/386 756/806/756
f 385/812/385 756/806/756 755/805/755
f 492/813/492 385/812/385 755/805/755
f 494/766/494 492/813/492 717/767/717
f 492/813/492 755/805/755 717/767/717
f 717/767/717 755/805/755 718/768/718
f 388/811/388 391/814/391 758/808/758
f 391/814/391 760/815/760 758/808/758
f 758/808/758 760/815/760 759/809/759
f 391/814/391 395/816/395 760/815/760
f 395/816/395 761/817/761 760/815/760
f 760/815/760 761/817/761 762/818/762
f 760/815/760 762/818/762 759/809/759
f 395/816/395 399/819/399 761/817/761
f 399/819/399 763/820/763 761/817/761
f 761/817/761 763/820/763 764/821/764
f 761/817/761 764/821/764 762/818/762
f 759/809/759 762/818/762 765/822/765
f 762/818/762 764/821/764 637/683/637
f 762/818/762 637/683/637 765/822/765
f 759/809/759 765/822/765 751/801/751
f 751/801/751 765/822/765 645/691/645
f 765/822/765 637/683/637 638/684/638
f 765/822/765 638/684/638 645/691/645
f 764/821/764 630/676/630 637/683/637
f 763/820/763 629/675/629 764/821/764
f 764/821/764 629/675/629 630/676/630
f 763/820/763 766/823/766 629/675/629
f 766/823/766 622/668/622 629/675/629
f 402/824/402 490/825/490 766/823/766
f 402/824/402 766/823/766 763/820/763
f 490/825/490 621/667/621 766/823/766
f 766/823/766 621/667/621 622/668/622
f 399/819/399 402/824/402 763/820/763
f 490/825/490 489/826/489 621/667/621
f 489/826/489 614/660/614 621/667/621
f 489/826/489 488/659/488 614/660/614
f 681/727/681 767/827/767 661/707/661
f 767/827/767 768/828/768 661/707/661
f 768/828/768 769/829/769 661/707/661
f 769/829/769 770/830/770 661/707/661
f 770/830/770 771/831/771 661/707/661
f 771/831/771 742/792/742 661/707/661
f 683/729/683 767/827/767 681/727/681
f 683/729/683 772/832/772 767/827/767
f 772/832/772 768/828/768 767/827/767
f 772/832/772 773/833/773 768/828/768
f 773/833/773 769/829/769 768/828/768
f 773/833/773 774/834/774 769/829/769
f 774/834/774 770/830/770 769/829/769
f 774/834/774 775/835/775 770/830/770
f 775/835/775 771/831/771 770/830/770
f 775/835/775 741/791/741 771/831/771
f 741/791/741 742/792/742 771/831/771
f 776/836/776 777/837/777 775/835/775
f 776/836/776 775/835/775 774/834/774
f 777/837/777 741/791/741 775/835/775
f 778/838/778 776/836/776 774/834/774
f 778/838/778 774/834/774 773/833/773
f 779/839/779 778/838/778 773/833/773
f 779/839/779 773/833/773 772/832/772
f 696/742/696 780/840/780 778/838/778
f 696/742/696 778/838/778 779/839/779
f 780/840/780 776/836/776 778/838/778
f 780/840/780 781/841/781 776/836/776
f 781/841/781 777/837/777 776/836/776
f 781/841/781 733/783/733 777/837/777
f 733/783/733 734/784/734 777/837/777
f 777/837/777 734/784/734 741/791/741
f 704/750/704 782/842/782 781/841/781
f 704/750/704 781/841/781 780/840/780
f 782/842/782 733/783/733 781/841/781
f 695/741/695 704/750/704 780/840/780
f 695/741/695 780/840/780 696/742/696
f 690/736/690 696/742/696 779/839/779
f 690/736/690 779/839/779 688/734/688
f 688/734/688 779/839/779 772/832/772
f 688/734/688 772/832/772 683/729/683
f 703/749/703 782/842/782 704/750/704
f 703/749/703 711/757/711 782/842/782
f 711/757/711 726/776/726 782/842/782
f 782/842/782 726/776/726 733/783/733
f 535/647/535 536/760/536 707/753/707
f 535/647/535 707/753/707 604/648/604
f 602/644/602 604/648/604 700/746/700
f 602/644/602 700/746/700 605/649/605
